Row ID,Order ID,Order Date,Ship Date,Ship Mode,Customer ID,Customer Name,Segment,Country,City,State,Postal Code,Region,Product ID,Category,Sub-Category,Product Name,Sales,Quantity,Discount,Profit
1,CA-2024-10001,2024-11-23,2024-11-24,Standard Class,CUST-1001,Customer 1,Consumer,United States,San Diego,California,22280,West,PROD-2001,Furniture,Chairs,Chairs Product 1,714.9,2,0.0,103.84
2,CA-2024-10002,2024-04-29,2024-05-04,First Class,CUST-1002,Customer 2,Consumer,United States,Seattle,Washington,30926,South,PROD-2002,Technology,Phones,Phones Product 2,3585.78,9,0.3,-142.64
3,CA-2024-10003,2024-06-23,2024-06-26,First Class,CUST-1003,Customer 3,Consumer,United States,Houston,Texas,70217,East,PROD-2003,Office Supplies,Binders,Binders Product 3,481.87,2,0.2,131.91
4,CA-2024-10004,2024-07-12,2024-07-13,Standard Class,CUST-1004,Customer 4,Home Office,United States,Tacoma,Washington,39871,Central,PROD-2004,Technology,Copiers,Copiers Product 4,4429.55,6,0.1,896.04
5,CA-2024-10005,2024-02-10,2024-02-17,Second Class,CUST-1005,Customer 5,Home Office,United States,Houston,Texas,44993,East,PROD-2005,Office Supplies,Paper,Paper Product 5,2277.98,6,0.1,79.94
6,CA-2024-10006,2024-11-07,2024-11-13,Standard Class,CUST-1006,Customer 6,Consumer,United States,Houston,Texas,14207,Central,PROD-2006,Furniture,Tables,Tables Product 6,1909.69,9,0.1,367.25
7,CA-2024-10007,2024-07-24,2024-07-27,Same Day,CUST-1007,Customer 7,Consumer,United States,Los Angeles,California,44718,West,PROD-2007,Technology,Copiers,Copiers Product 7,1587.1,8,0.3,463.98
8,CA-2024-10008,2024-05-06,2024-05-12,Second Class,CUST-1008,Customer 8,Home Office,United States,Tacoma,Washington,74686,East,PROD-2008,Technology,Copiers,Copiers Product 8,2153.6,10,0.3,66.76
9,CA-2024-10009,2024-01-25,2024-02-01,Same Day,CUST-1009,Customer 9,Home Office,United States,Los Angeles,California,42953,East,PROD-2009,Technology,Phones,Phones Product 9,3964.56,7,0.0,168.03
10,CA-2024-10010,2024-12-14,2024-12-20,First Class,CUST-1010,Customer 10,Home Office,United States,San Diego,California,33416,East,PROD-2010,Technology,Accessories,Accessories Product 10,575.53,7,0.1,44.24
11,CA-2024-10011,2024-11-16,2024-11-19,Same Day,CUST-1011,Customer 11,Consumer,United States,Seattle,Washington,24662,Central,PROD-2011,Furniture,Tables,Tables Product 11,3817.3,9,0.0,570.58
12,CA-2024-10012,2024-06-06,2024-06-08,Second Class,CUST-1012,Customer 12,Consumer,United States,Los Angeles,California,96474,South,PROD-2012,Technology,Phones,Phones Product 12,446.55,8,0.0,151.38
13,CA-2024-10013,2024-10-08,2024-10-10,First Class,CUST-1013,Customer 13,Corporate,United States,Buffalo,New York,77839,South,PROD-2013,Furniture,Bookcases,Bookcases Product 13,3781.22,4,0.2,187.16
14,CA-2024-10014,2024-03-02,2024-03-04,Standard Class,CUST-1014,Customer 14,Consumer,United States,Houston,Texas,18834,East,PROD-2014,Office Supplies,Binders,Binders Product 14,2949.78,4,0.1,-431.86
15,CA-2024-10015,2024-06-18,2024-06-19,Same Day,CUST-1015,Customer 15,Consumer,United States,Seattle,Washington,71993,South,PROD-2015,Office Supplies,Storage,Storage Product 15,2437.36,9,0.1,515.93
16,CA-2024-10016,2024-04-07,2024-04-08,First Class,CUST-1016,Customer 16,Consumer,United States,San Diego,California,42591,West,PROD-2016,Office Supplies,Paper,Paper Product 16,2067.29,1,0.0,-247.44
17,CA-2024-10017,2024-04-07,2024-04-12,Standard Class,CUST-1017,Customer 17,Consumer,United States,Miami,Florida,95477,East,PROD-2017,Office Supplies,Binders,Binders Product 17,1407.15,4,0.0,100.7
18,CA-2024-10018,2024-02-17,2024-02-24,Standard Class,CUST-1018,Customer 18,Corporate,United States,Houston,Texas,44760,South,PROD-2018,Office Supplies,Paper,Paper Product 18,2417.16,7,0.0,-163.6
19,CA-2024-10019,2024-05-26,2024-05-30,Standard Class,CUST-1019,Customer 19,Consumer,United States,Tacoma,Washington,86569,South,PROD-2019,Furniture,Chairs,Chairs Product 19,1497.6,1,0.0,335.44
20,CA-2024-10020,2024-09-14,2024-09-21,Second Class,CUST-1020,Customer 20,Corporate,United States,Seattle,Washington,25713,West,PROD-2020,Furniture,Bookcases,Bookcases Product 20,418.96,3,0.0,61.8
21,CA-2024-10021,2024-10-23,2024-10-28,Second Class,CUST-1021,Customer 21,Home Office,United States,Los Angeles,California,51180,West,PROD-2021,Office Supplies,Storage,Storage Product 21,2926.69,9,0.2,928.79
22,CA-2024-10022,2024-05-15,2024-05-19,Standard Class,CUST-1022,Customer 22,Consumer,United States,Dallas,Texas,80468,West,PROD-2022,Office Supplies,Paper,Paper Product 22,4646.51,2,0.0,367.74
23,CA-2024-10023,2024-09-16,2024-09-19,First Class,CUST-1023,Customer 23,Home Office,United States,Dallas,Texas,95717,East,PROD-2023,Furniture,Chairs,Chairs Product 23,1860.24,3,0.3,496.45
24,CA-2024-10024,2024-12-07,2024-12-14,Standard Class,CUST-1024,Customer 24,Home Office,United States,Tacoma,Washington,82512,West,PROD-2024,Technology,Phones,Phones Product 24,4695.87,3,0.2,-433.36
25,CA-2024-10025,2024-05-19,2024-05-22,Standard Class,CUST-1025,Customer 25,Consumer,United States,Seattle,Washington,93136,South,PROD-2025,Technology,Accessories,Accessories Product 25,1033.91,5,0.3,-25.27
26,CA-2024-10026,2024-05-21,2024-05-22,Same Day,CUST-1026,Customer 26,Home Office,United States,San Diego,California,11267,East,PROD-2026,Furniture,Bookcases,Bookcases Product 26,4899.39,3,0.3,616.54
27,CA-2024-10027,2024-02-08,2024-02-14,First Class,CUST-1027,Customer 27,Consumer,United States,Houston,Texas,56898,West,PROD-2027,Office Supplies,Storage,Storage Product 27,2771.57,7,0.1,-357.77
28,CA-2024-10028,2024-12-15,2024-12-17,Second Class,CUST-1028,Customer 28,Corporate,United States,San Diego,California,13248,West,PROD-2028,Technology,Accessories,Accessories Product 28,4869.71,3,0.1,1374.73
29,CA-2024-10029,2024-06-19,2024-06-26,Same Day,CUST-1029,Customer 29,Consumer,United States,Miami,Florida,36158,South,PROD-2029,Office Supplies,Binders,Binders Product 29,3941.13,2,0.3,1127.49
30,CA-2024-10030,2024-06-28,2024-07-01,First Class,CUST-1030,Customer 30,Corporate,United States,Houston,Texas,94080,South,PROD-2030,Furniture,Bookcases,Bookcases Product 30,981.79,6,0.2,277.04
31,CA-2024-10031,2024-12-13,2024-12-20,First Class,CUST-1031,Customer 31,Consumer,United States,Tacoma,Washington,24208,South,PROD-2031,Furniture,Chairs,Chairs Product 31,4387.65,5,0.1,615.56
32,CA-2024-10032,2024-06-25,2024-07-01,Same Day,CUST-1032,Customer 32,Consumer,United States,Buffalo,New York,78146,West,PROD-2032,Technology,Copiers,Copiers Product 32,595.92,10,0.1,-13.49
33,CA-2024-10033,2024-07-05,2024-07-09,Same Day,CUST-1033,Customer 33,Corporate,United States,San Diego,California,62743,Central,PROD-2033,Technology,Accessories,Accessories Product 33,3323.67,2,0.2,344.2
34,CA-2024-10034,2024-10-10,2024-10-12,Standard Class,CUST-1034,Customer 34,Corporate,United States,Dallas,Texas,47606,West,PROD-2034,Technology,Accessories,Accessories Product 34,3393.04,3,0.2,179.96
35,CA-2024-10035,2024-08-08,2024-08-15,Second Class,CUST-1035,Customer 35,Home Office,United States,Tacoma,Washington,21114,Central,PROD-2035,Office Supplies,Paper,Paper Product 35,2221.96,4,0.3,548.53
36,CA-2024-10036,2024-09-20,2024-09-26,Standard Class,CUST-1036,Customer 36,Consumer,United States,Tacoma,Washington,72277,East,PROD-2036,Furniture,Chairs,Chairs Product 36,3370.52,4,0.1,-257.25
37,CA-2024-10037,2024-08-21,2024-08-25,Standard Class,CUST-1037,Customer 37,Consumer,United States,Seattle,Washington,65724,West,PROD-2037,Technology,Copiers,Copiers Product 37,1932.21,7,0.1,-147.26
38,CA-2024-10038,2024-03-31,2024-04-07,Same Day,CUST-1038,Customer 38,Home Office,United States,Tacoma,Washington,79616,Central,PROD-2038,Furniture,Bookcases,Bookcases Product 38,1261.01,2,0.3,-105.08
39,CA-2024-10039,2024-08-14,2024-08-19,Second Class,CUST-1039,Customer 39,Home Office,United States,Tacoma,Washington,46347,South,PROD-2039,Technology,Accessories,Accessories Product 39,4488.1,8,0.3,-91.58
40,CA-2024-10040,2024-11-16,2024-11-18,Standard Class,CUST-1040,Customer 40,Consumer,United States,Buffalo,New York,29769,West,PROD-2040,Furniture,Bookcases,Bookcases Product 40,1442.93,5,0.2,14.22
41,CA-2024-10041,2024-07-15,2024-07-21,Second Class,CUST-1041,Customer 41,Corporate,United States,Houston,Texas,61049,East,PROD-2041,Furniture,Tables,Tables Product 41,2049.84,9,0.3,118.66
42,CA-2024-10042,2024-10-21,2024-10-25,First Class,CUST-1042,Customer 42,Corporate,United States,Miami,Florida,73654,East,PROD-2042,Office Supplies,Paper,Paper Product 42,3772.31,7,0.1,355.03
43,CA-2024-10043,2024-07-18,2024-07-21,Standard Class,CUST-1043,Customer 43,Consumer,United States,Miami,Florida,94246,South,PROD-2043,Office Supplies,Binders,Binders Product 43,4904.0,9,0.0,1488.19
44,CA-2024-10044,2024-03-10,2024-03-17,Same Day,CUST-1044,Customer 44,Corporate,United States,Miami,Florida,65255,Central,PROD-2044,Furniture,Tables,Tables Product 44,1907.94,4,0.3,25.61
45,CA-2024-10045,2024-02-11,2024-02-15,Second Class,CUST-1045,Customer 45,Consumer,United States,Los Angeles,California,91439,West,PROD-2045,Office Supplies,Binders,Binders Product 45,3257.72,1,0.0,1058.13
46,CA-2024-10046,2024-05-02,2024-05-04,Standard Class,CUST-1046,Customer 46,Consumer,United States,Miami,Florida,50768,East,PROD-2046,Technology,Phones,Phones Product 46,2335.87,5,0.2,-154.41
47,CA-2024-10047,2024-10-23,2024-10-24,First Class,CUST-1047,Customer 47,Home Office,United States,Buffalo,New York,88697,East,PROD-2047,Office Supplies,Storage,Storage Product 47,1007.68,10,0.1,-99.81
48,CA-2024-10048,2024-10-16,2024-10-23,Same Day,CUST-1048,Customer 48,Corporate,United States,San Diego,California,23833,South,PROD-2048,Technology,Accessories,Accessories Product 48,3314.38,2,0.2,-476.19
49,CA-2024-10049,2024-07-04,2024-07-10,First Class,CUST-1049,Customer 49,Corporate,United States,Miami,Florida,42177,East,PROD-2049,Office Supplies,Binders,Binders Product 49,3674.3,5,0.3,302.9
50,CA-2024-10050,2024-05-22,2024-05-26,First Class,CUST-1050,Customer 50,Consumer,United States,Dallas,Texas,73904,West,PROD-2050,Technology,Copiers,Copiers Product 50,3347.58,6,0.0,325.23
51,CA-2024-10051,2024-06-30,2024-07-07,Second Class,CUST-1051,Customer 51,Consumer,United States,Buffalo,New York,41635,South,PROD-2051,Office Supplies,Storage,Storage Product 51,3511.9,5,0.0,380.39
52,CA-2024-10052,2024-09-07,2024-09-12,Same Day,CUST-1052,Customer 52,Home Office,United States,Dallas,Texas,41890,Central,PROD-2052,Technology,Copiers,Copiers Product 52,2464.29,1,0.0,-7.1
53,CA-2024-10053,2024-12-05,2024-12-10,Same Day,CUST-1053,Customer 53,Corporate,United States,Buffalo,New York,50189,Central,PROD-2053,Technology,Copiers,Copiers Product 53,1731.91,9,0.2,44.87
54,CA-2024-10054,2024-04-28,2024-04-29,Same Day,CUST-1054,Customer 54,Corporate,United States,Dallas,Texas,87278,Central,PROD-2054,Furniture,Bookcases,Bookcases Product 54,2688.6,3,0.1,-112.4
55,CA-2024-10055,2024-02-21,2024-02-28,Standard Class,CUST-1055,Customer 55,Home Office,United States,Dallas,Texas,48290,West,PROD-2055,Furniture,Tables,Tables Product 55,913.62,1,0.1,-11.73
56,CA-2024-10056,2024-11-22,2024-11-29,Standard Class,CUST-1056,Customer 56,Corporate,United States,Miami,Florida,72616,East,PROD-2056,Furniture,Bookcases,Bookcases Product 56,1436.01,8,0.3,29.23
57,CA-2024-10057,2024-02-03,2024-02-07,First Class,CUST-1057,Customer 57,Consumer,United States,Miami,Florida,42530,East,PROD-2057,Technology,Copiers,Copiers Product 57,3438.53,3,0.1,878.79
58,CA-2024-10058,2024-10-12,2024-10-19,Same Day,CUST-1058,Customer 58,Corporate,United States,Miami,Florida,84531,East,PROD-2058,Technology,Accessories,Accessories Product 58,2263.56,8,0.2,633.99
59,CA-2024-10059,2024-11-08,2024-11-14,Standard Class,CUST-1059,Customer 59,Consumer,United States,Los Angeles,California,10350,South,PROD-2059,Technology,Phones,Phones Product 59,1337.94,2,0.1,-40.23
60,CA-2024-10060,2024-08-18,2024-08-24,Second Class,CUST-1060,Customer 60,Corporate,United States,Tacoma,Washington,91927,West,PROD-2060,Office Supplies,Binders,Binders Product 60,1172.75,5,0.3,-134.17
61,CA-2024-10061,2024-08-05,2024-08-06,First Class,CUST-1061,Customer 61,Home Office,United States,Seattle,Washington,84607,Central,PROD-2061,Technology,Phones,Phones Product 61,4543.89,3,0.0,-546.09
62,CA-2024-10062,2024-08-12,2024-08-13,Standard Class,CUST-1062,Customer 62,Corporate,United States,Orlando,Florida,52247,Central,PROD-2062,Technology,Accessories,Accessories Product 62,4714.53,9,0.3,324.73
63,CA-2024-10063,2024-01-14,2024-01-15,Same Day,CUST-1063,Customer 63,Corporate,United States,Houston,Texas,33788,South,PROD-2063,Technology,Accessories,Accessories Product 63,2889.71,3,0.3,316.37
64,CA-2024-10064,2024-11-21,2024-11-28,First Class,CUST-1064,Customer 64,Corporate,United States,Miami,Florida,74942,Central,PROD-2064,Office Supplies,Paper,Paper Product 64,2053.57,6,0.0,572.67
65,CA-2024-10065,2024-12-05,2024-12-09,Same Day,CUST-1065,Customer 65,Home Office,United States,Seattle,Washington,10150,South,PROD-2065,Office Supplies,Binders,Binders Product 65,1586.3,6,0.0,531.56
66,CA-2024-10066,2024-07-30,2024-07-31,Second Class,CUST-1066,Customer 66,Corporate,United States,Dallas,Texas,67424,South,PROD-2066,Technology,Accessories,Accessories Product 66,3134.54,1,0.1,-51.63
67,CA-2024-10067,2024-03-03,2024-03-04,Standard Class,CUST-1067,Customer 67,Corporate,United States,Seattle,Washington,25396,West,PROD-2067,Technology,Phones,Phones Product 67,1567.54,1,0.3,-162.08
68,CA-2024-10068,2024-09-12,2024-09-18,Same Day,CUST-1068,Customer 68,Consumer,United States,Buffalo,New York,88561,West,PROD-2068,Office Supplies,Paper,Paper Product 68,4901.62,4,0.3,615.8
69,CA-2024-10069,2024-02-05,2024-02-08,Same Day,CUST-1069,Customer 69,Consumer,United States,Orlando,Florida,68529,South,PROD-2069,Technology,Accessories,Accessories Product 69,4106.34,5,0.2,1103.53
70,CA-2024-10070,2024-06-25,2024-06-28,Same Day,CUST-1070,Customer 70,Consumer,United States,Tacoma,Washington,51704,South,PROD-2070,Office Supplies,Paper,Paper Product 70,4350.62,4,0.3,-144.52
71,CA-2024-10071,2024-12-27,2025-01-03,First Class,CUST-1071,Customer 71,Consumer,United States,Orlando,Florida,67711,East,PROD-2071,Technology,Copiers,Copiers Product 71,4904.47,8,0.0,-426.08
72,CA-2024-10072,2024-09-26,2024-09-30,First Class,CUST-1072,Customer 72,Corporate,United States,Los Angeles,California,91691,South,PROD-2072,Office Supplies,Storage,Storage Product 72,4850.38,2,0.3,1167.79
73,CA-2024-10073,2024-11-28,2024-11-29,Second Class,CUST-1073,Customer 73,Home Office,United States,Buffalo,New York,99705,Central,PROD-2073,Office Supplies,Storage,Storage Product 73,3599.21,8,0.0,571.3
74,CA-2024-10074,2024-04-26,2024-05-02,First Class,CUST-1074,Customer 74,Consumer,United States,San Diego,California,16028,Central,PROD-2074,Furniture,Bookcases,Bookcases Product 74,3525.38,2,0.3,-235.56
75,CA-2024-10075,2024-01-29,2024-02-01,Standard Class,CUST-1075,Customer 75,Home Office,United States,Buffalo,New York,60140,West,PROD-2075,Office Supplies,Binders,Binders Product 75,1236.1,7,0.1,-80.36
76,CA-2024-10076,2024-09-11,2024-09-16,Same Day,CUST-1076,Customer 76,Corporate,United States,Houston,Texas,98815,West,PROD-2076,Office Supplies,Storage,Storage Product 76,1284.81,5,0.0,384.74
77,CA-2024-10077,2024-02-07,2024-02-11,Same Day,CUST-1077,Customer 77,Corporate,United States,Buffalo,New York,23979,West,PROD-2077,Technology,Accessories,Accessories Product 77,3457.76,8,0.2,-174.24
78,CA-2024-10078,2024-07-14,2024-07-19,Standard Class,CUST-1078,Customer 78,Home Office,United States,Buffalo,New York,75107,Central,PROD-2078,Technology,Accessories,Accessories Product 78,129.26,7,0.2,-18.87
79,CA-2024-10079,2024-04-27,2024-05-02,Standard Class,CUST-1079,Customer 79,Corporate,United States,New York City,New York,67779,East,PROD-2079,Technology,Phones,Phones Product 79,3112.04,3,0.0,938.91
80,CA-2024-10080,2024-10-23,2024-10-26,First Class,CUST-1080,Customer 80,Home Office,United States,Houston,Texas,75771,Central,PROD-2080,Office Supplies,Paper,Paper Product 80,3742.45,3,0.1,-314.07
81,CA-2024-10081,2024-03-25,2024-03-28,Second Class,CUST-1081,Customer 81,Home Office,United States,Orlando,Florida,98395,South,PROD-2081,Technology,Accessories,Accessories Product 81,4025.08,8,0.0,-320.48
82,CA-2024-10082,2024-10-12,2024-10-15,First Class,CUST-1082,Customer 82,Home Office,United States,San Diego,California,59941,Central,PROD-2082,Furniture,Tables,Tables Product 82,2692.13,8,0.2,501.85
83,CA-2024-10083,2024-02-25,2024-03-02,Second Class,CUST-1083,Customer 83,Home Office,United States,Dallas,Texas,18285,South,PROD-2083,Furniture,Bookcases,Bookcases Product 83,4423.49,9,0.2,1360.79
84,CA-2024-10084,2024-12-24,2024-12-27,Second Class,CUST-1084,Customer 84,Home Office,United States,Miami,Florida,27781,South,PROD-2084,Furniture,Chairs,Chairs Product 84,4732.38,5,0.3,-435.09
85,CA-2024-10085,2024-08-20,2024-08-23,Same Day,CUST-1085,Customer 85,Corporate,United States,Tacoma,Washington,14288,Central,PROD-2085,Technology,Copiers,Copiers Product 85,3638.46,7,0.0,970.91
86,CA-2024-10086,2024-04-21,2024-04-25,First Class,CUST-1086,Customer 86,Consumer,United States,Miami,Florida,26011,South,PROD-2086,Office Supplies,Binders,Binders Product 86,4905.02,6,0.2,-587.25
87,CA-2024-10087,2024-02-16,2024-02-22,Second Class,CUST-1087,Customer 87,Home Office,United States,Houston,Texas,38305,West,PROD-2087,Furniture,Tables,Tables Product 87,1232.97,3,0.1,-142.65
88,CA-2024-10088,2024-06-17,2024-06-24,Standard Class,CUST-1088,Customer 88,Home Office,United States,Houston,Texas,13379,West,PROD-2088,Office Supplies,Binders,Binders Product 88,4937.89,9,0.2,1230.8
89,CA-2024-10089,2024-01-08,2024-01-11,Standard Class,CUST-1089,Customer 89,Corporate,United States,Dallas,Texas,68756,Central,PROD-2089,Furniture,Chairs,Chairs Product 89,1341.53,3,0.3,151.65
90,CA-2024-10090,2024-09-19,2024-09-24,Standard Class,CUST-1090,Customer 90,Consumer,United States,San Diego,California,72781,South,PROD-2090,Technology,Phones,Phones Product 90,4728.17,1,0.2,373.63
91,CA-2024-10091,2024-08-06,2024-08-12,Standard Class,CUST-1091,Customer 91,Consumer,United States,San Diego,California,46046,Central,PROD-2091,Technology,Accessories,Accessories Product 91,385.98,2,0.2,59.5
92,CA-2024-10092,2024-07-14,2024-07-19,Second Class,CUST-1092,Customer 92,Corporate,United States,Tacoma,Washington,69186,West,PROD-2092,Office Supplies,Storage,Storage Product 92,3035.03,2,0.0,838.87
93,CA-2024-10093,2024-07-30,2024-08-02,First Class,CUST-1093,Customer 93,Consumer,United States,Orlando,Florida,72163,East,PROD-2093,Office Supplies,Storage,Storage Product 93,493.53,7,0.2,90.1
94,CA-2024-10094,2024-02-16,2024-02-23,First Class,CUST-1094,Customer 94,Home Office,United States,Los Angeles,California,26021,South,PROD-2094,Office Supplies,Binders,Binders Product 94,3728.05,6,0.1,477.88
95,CA-2024-10095,2024-06-30,2024-07-07,Same Day,CUST-1095,Customer 95,Consumer,United States,Miami,Florida,24184,Central,PROD-2095,Office Supplies,Storage,Storage Product 95,1576.0,2,0.1,-114.47
96,CA-2024-10096,2024-10-11,2024-10-14,First Class,CUST-1096,Customer 96,Consumer,United States,San Diego,California,33647,Central,PROD-2096,Technology,Phones,Phones Product 96,4039.96,9,0.0,624.16
97,CA-2024-10097,2024-12-25,2025-01-01,Standard Class,CUST-1097,Customer 97,Consumer,United States,Buffalo,New York,79531,West,PROD-2097,Office Supplies,Binders,Binders Product 97,923.4,3,0.3,-106.38
98,CA-2024-10098,2024-07-11,2024-07-15,Second Class,CUST-1098,Customer 98,Consumer,United States,Orlando,Florida,90981,East,PROD-2098,Furniture,Tables,Tables Product 98,1571.95,6,0.0,458.49
99,CA-2024-10099,2024-12-11,2024-12-12,Standard Class,CUST-1099,Customer 99,Corporate,United States,Buffalo,New York,66349,East,PROD-2099,Technology,Accessories,Accessories Product 99,2438.6,8,0.3,-32.72
100,CA-2024-10100,2024-05-25,2024-05-31,Standard Class,CUST-1100,Customer 100,Consumer,United States,Tacoma,Washington,36794,Central,PROD-2100,Technology,Copiers,Copiers Product 100,1555.93,4,0.3,532.47
101,CA-2024-10101,2024-04-18,2024-04-25,Same Day,CUST-1101,Customer 101,Home Office,United States,Dallas,Texas,40161,Central,PROD-2101,Office Supplies,Paper,Paper Product 101,617.52,8,0.3,-38.38
102,CA-2024-10102,2024-02-06,2024-02-10,Same Day,CUST-1102,Customer 102,Corporate,United States,San Diego,California,25096,South,PROD-2102,Furniture,Tables,Tables Product 102,4607.39,6,0.3,629.83
103,CA-2024-10103,2024-01-11,2024-01-14,Same Day,CUST-1103,Customer 103,Home Office,United States,Dallas,Texas,20308,South,PROD-2103,Technology,Accessories,Accessories Product 103,458.89,2,0.1,31.13
104,CA-2024-10104,2024-06-07,2024-06-13,First Class,CUST-1104,Customer 104,Corporate,United States,New York City,New York,94599,West,PROD-2104,Office Supplies,Binders,Binders Product 104,400.37,2,0.1,121.3
105,CA-2024-10105,2024-04-30,2024-05-01,Same Day,CUST-1105,Customer 105,Corporate,United States,Dallas,Texas,83889,South,PROD-2105,Furniture,Chairs,Chairs Product 105,3019.95,2,0.1,983.43
106,CA-2024-10106,2024-12-14,2024-12-19,First Class,CUST-1106,Customer 106,Corporate,United States,Tacoma,Washington,87518,East,PROD-2106,Technology,Accessories,Accessories Product 106,771.77,2,0.3,54.88
107,CA-2024-10107,2024-06-29,2024-07-04,Standard Class,CUST-1107,Customer 107,Home Office,United States,San Diego,California,87867,South,PROD-2107,Office Supplies,Paper,Paper Product 107,207.28,6,0.2,-23.14
108,CA-2024-10108,2024-08-24,2024-08-29,Standard Class,CUST-1108,Customer 108,Corporate,United States,Seattle,Washington,23566,Central,PROD-2108,Office Supplies,Storage,Storage Product 108,3266.15,6,0.3,328.85
109,CA-2024-10109,2024-12-31,2025-01-01,First Class,CUST-1109,Customer 109,Corporate,United States,Seattle,Washington,63578,Central,PROD-2109,Furniture,Chairs,Chairs Product 109,3543.96,8,0.1,113.23
110,CA-2024-10110,2024-12-13,2024-12-18,Second Class,CUST-1110,Customer 110,Corporate,United States,San Diego,California,20682,West,PROD-2110,Furniture,Tables,Tables Product 110,490.64,7,0.2,-11.78
111,CA-2024-10111,2024-06-28,2024-07-01,First Class,CUST-1111,Customer 111,Consumer,United States,Miami,Florida,97833,East,PROD-2111,Technology,Copiers,Copiers Product 111,4691.25,5,0.3,805.71
112,CA-2024-10112,2024-11-26,2024-12-02,Same Day,CUST-1112,Customer 112,Consumer,United States,Orlando,Florida,39693,West,PROD-2112,Furniture,Tables,Tables Product 112,1558.15,4,0.2,504.58
113,CA-2024-10113,2024-03-20,2024-03-21,Second Class,CUST-1113,Customer 113,Home Office,United States,New York City,New York,59377,West,PROD-2113,Technology,Copiers,Copiers Product 113,4178.9,9,0.0,756.23
114,CA-2024-10114,2024-03-24,2024-03-26,First Class,CUST-1114,Customer 114,Home Office,United States,Seattle,Washington,68841,West,PROD-2114,Technology,Accessories,Accessories Product 114,237.59,6,0.1,79.54
115,CA-2024-10115,2024-09-30,2024-10-02,First Class,CUST-1115,Customer 115,Corporate,United States,Buffalo,New York,75916,South,PROD-2115,Furniture,Tables,Tables Product 115,3397.97,10,0.3,274.69
116,CA-2024-10116,2024-03-23,2024-03-30,Standard Class,CUST-1116,Customer 116,Corporate,United States,Houston,Texas,20993,West,PROD-2116,Office Supplies,Binders,Binders Product 116,3213.07,6,0.0,660.93
117,CA-2024-10117,2024-05-19,2024-05-23,Standard Class,CUST-1117,Customer 117,Corporate,United States,Seattle,Washington,16980,South,PROD-2117,Office Supplies,Binders,Binders Product 117,4733.14,4,0.3,1383.57
118,CA-2024-10118,2024-09-14,2024-09-17,First Class,CUST-1118,Customer 118,Consumer,United States,Dallas,Texas,28035,East,PROD-2118,Furniture,Tables,Tables Product 118,1138.2,6,0.0,306.85
119,CA-2024-10119,2024-05-26,2024-06-02,Second Class,CUST-1119,Customer 119,Consumer,United States,Miami,Florida,81932,South,PROD-2119,Technology,Accessories,Accessories Product 119,2254.04,1,0.0,-316.69
120,CA-2024-10120,2024-02-26,2024-03-04,Same Day,CUST-1120,Customer 120,Home Office,United States,New York City,New York,80261,East,PROD-2120,Office Supplies,Binders,Binders Product 120,257.79,7,0.3,-30.57
121,CA-2024-10121,2024-11-19,2024-11-24,Same Day,CUST-1121,Customer 121,Consumer,United States,Seattle,Washington,97080,East,PROD-2121,Technology,Phones,Phones Product 121,1470.53,1,0.2,-43.7
122,CA-2024-10122,2024-09-25,2024-09-28,Standard Class,CUST-1122,Customer 122,Corporate,United States,Los Angeles,California,18855,Central,PROD-2122,Office Supplies,Paper,Paper Product 122,236.8,7,0.2,-5.49
123,CA-2024-10123,2024-05-03,2024-05-09,Same Day,CUST-1123,Customer 123,Home Office,United States,San Diego,California,72722,West,PROD-2123,Furniture,Chairs,Chairs Product 123,1774.45,6,0.1,470.57
124,CA-2024-10124,2024-03-10,2024-03-11,First Class,CUST-1124,Customer 124,Home Office,United States,Miami,Florida,62196,South,PROD-2124,Office Supplies,Binders,Binders Product 124,238.16,4,0.0,1.86
125,CA-2024-10125,2024-05-09,2024-05-10,First Class,CUST-1125,Customer 125,Corporate,United States,Dallas,Texas,62431,South,PROD-2125,Office Supplies,Binders,Binders Product 125,4331.68,6,0.2,-380.16
126,CA-2024-10126,2024-07-16,2024-07-19,Same Day,CUST-1126,Customer 126,Consumer,United States,Dallas,Texas,66440,West,PROD-2126,Technology,Accessories,Accessories Product 126,1849.39,9,0.2,463.41
127,CA-2024-10127,2024-10-06,2024-10-09,Same Day,CUST-1127,Customer 127,Consumer,United States,New York City,New York,68183,Central,PROD-2127,Furniture,Tables,Tables Product 127,3311.38,5,0.3,501.05
128,CA-2024-10128,2024-08-16,2024-08-17,Same Day,CUST-1128,Customer 128,Corporate,United States,Buffalo,New York,77251,West,PROD-2128,Office Supplies,Storage,Storage Product 128,4900.54,1,0.0,909.5
129,CA-2024-10129,2024-01-16,2024-01-18,Standard Class,CUST-1129,Customer 129,Home Office,United States,Tacoma,Washington,30111,South,PROD-2129,Furniture,Chairs,Chairs Product 129,354.82,6,0.2,14.7
130,CA-2024-10130,2024-07-08,2024-07-11,Second Class,CUST-1130,Customer 130,Consumer,United States,Miami,Florida,13396,West,PROD-2130,Technology,Phones,Phones Product 130,2656.71,7,0.2,464.34
131,CA-2024-10131,2024-09-12,2024-09-17,Same Day,CUST-1131,Customer 131,Consumer,United States,Miami,Florida,26074,West,PROD-2131,Office Supplies,Paper,Paper Product 131,3526.11,4,0.2,694.61
132,CA-2024-10132,2024-02-07,2024-02-11,First Class,CUST-1132,Customer 132,Corporate,United States,Dallas,Texas,30644,West,PROD-2132,Furniture,Bookcases,Bookcases Product 132,4838.45,6,0.2,990.77
133,CA-2024-10133,2024-07-04,2024-07-09,First Class,CUST-1133,Customer 133,Corporate,United States,Houston,Texas,82305,West,PROD-2133,Furniture,Chairs,Chairs Product 133,1198.95,8,0.0,36.51
134,CA-2024-10134,2024-11-09,2024-11-10,Standard Class,CUST-1134,Customer 134,Consumer,United States,San Diego,California,51553,East,PROD-2134,Office Supplies,Storage,Storage Product 134,3599.97,9,0.3,844.49
135,CA-2024-10135,2024-08-18,2024-08-22,Standard Class,CUST-1135,Customer 135,Consumer,United States,Tacoma,Washington,77908,West,PROD-2135,Furniture,Bookcases,Bookcases Product 135,3206.17,3,0.1,212.6
136,CA-2024-10136,2024-06-04,2024-06-06,First Class,CUST-1136,Customer 136,Consumer,United States,Dallas,Texas,93238,Central,PROD-2136,Technology,Phones,Phones Product 136,1743.19,9,0.2,475.83
137,CA-2024-10137,2024-03-05,2024-03-11,First Class,CUST-1137,Customer 137,Home Office,United States,New York City,New York,15399,East,PROD-2137,Technology,Copiers,Copiers Product 137,859.81,10,0.1,-55.37
138,CA-2024-10138,2024-02-11,2024-02-12,First Class,CUST-1138,Customer 138,Home Office,United States,Tacoma,Washington,49596,South,PROD-2138,Technology,Phones,Phones Product 138,3839.46,7,0.0,380.18
139,CA-2024-10139,2024-05-05,2024-05-12,Same Day,CUST-1139,Customer 139,Consumer,United States,Orlando,Florida,54589,West,PROD-2139,Office Supplies,Binders,Binders Product 139,3449.3,3,0.3,199.41
140,CA-2024-10140,2024-06-09,2024-06-16,Same Day,CUST-1140,Customer 140,Consumer,United States,Buffalo,New York,45058,South,PROD-2140,Office Supplies,Binders,Binders Product 140,3808.11,9,0.0,36.4
141,CA-2024-10141,2024-05-06,2024-05-08,Second Class,CUST-1141,Customer 141,Corporate,United States,Los Angeles,California,85718,Central,PROD-2141,Office Supplies,Paper,Paper Product 141,4323.54,7,0.1,1432.57
142,CA-2024-10142,2024-04-07,2024-04-14,Same Day,CUST-1142,Customer 142,Home Office,United States,Dallas,Texas,69930,West,PROD-2142,Technology,Accessories,Accessories Product 142,2503.82,5,0.3,-346.56
143,CA-2024-10143,2024-04-20,2024-04-25,Standard Class,CUST-1143,Customer 143,Corporate,United States,New York City,New York,27555,Central,PROD-2143,Furniture,Tables,Tables Product 143,2484.57,8,0.2,294.04
144,CA-2024-10144,2024-07-06,2024-07-13,First Class,CUST-1144,Customer 144,Consumer,United States,Orlando,Florida,60639,South,PROD-2144,Furniture,Tables,Tables Product 144,274.77,9,0.1,8.59
145,CA-2024-10145,2024-10-08,2024-10-11,Second Class,CUST-1145,Customer 145,Home Office,United States,Seattle,Washington,76731,South,PROD-2145,Furniture,Chairs,Chairs Product 145,1981.64,6,0.2,450.79
146,CA-2024-10146,2024-09-13,2024-09-14,Second Class,CUST-1146,Customer 146,Corporate,United States,Los Angeles,California,90356,Central,PROD-2146,Furniture,Bookcases,Bookcases Product 146,1678.54,8,0.3,-126.78
147,CA-2024-10147,2024-03-24,2024-03-28,First Class,CUST-1147,Customer 147,Corporate,United States,Tacoma,Washington,12180,Central,PROD-2147,Technology,Accessories,Accessories Product 147,2546.43,9,0.3,520.41
148,CA-2024-10148,2024-06-18,2024-06-24,Second Class,CUST-1148,Customer 148,Home Office,United States,San Diego,California,16731,South,PROD-2148,Technology,Accessories,Accessories Product 148,3987.84,1,0.3,-68.73
149,CA-2024-10149,2024-03-28,2024-04-02,Same Day,CUST-1149,Customer 149,Corporate,United States,Tacoma,Washington,64890,West,PROD-2149,Furniture,Bookcases,Bookcases Product 149,1226.14,10,0.0,-66.96
150,CA-2024-10150,2024-07-30,2024-08-05,First Class,CUST-1150,Customer 150,Home Office,United States,Dallas,Texas,72701,South,PROD-2150,Technology,Copiers,Copiers Product 150,4604.19,1,0.1,503.43
151,CA-2024-10151,2024-06-09,2024-06-11,Second Class,CUST-1151,Customer 151,Corporate,United States,Orlando,Florida,83149,Central,PROD-2151,Technology,Accessories,Accessories Product 151,3385.83,5,0.3,-182.39
152,CA-2024-10152,2024-04-25,2024-04-28,First Class,CUST-1152,Customer 152,Corporate,United States,New York City,New York,25974,South,PROD-2152,Technology,Copiers,Copiers Product 152,2455.24,8,0.2,319.78
153,CA-2024-10153,2024-07-21,2024-07-28,First Class,CUST-1153,Customer 153,Home Office,United States,New York City,New York,72793,West,PROD-2153,Office Supplies,Binders,Binders Product 153,1452.4,2,0.2,453.16
154,CA-2024-10154,2024-04-13,2024-04-20,Second Class,CUST-1154,Customer 154,Home Office,United States,Tacoma,Washington,40518,East,PROD-2154,Technology,Copiers,Copiers Product 154,1372.67,2,0.1,-39.49
155,CA-2024-10155,2024-02-21,2024-02-25,Same Day,CUST-1155,Customer 155,Corporate,United States,Buffalo,New York,95267,West,PROD-2155,Furniture,Bookcases,Bookcases Product 155,3858.41,1,0.1,206.25
156,CA-2024-10156,2024-05-27,2024-05-30,Second Class,CUST-1156,Customer 156,Corporate,United States,New York City,New York,33040,East,PROD-2156,Furniture,Bookcases,Bookcases Product 156,2879.18,9,0.0,882.8
157,CA-2024-10157,2024-07-22,2024-07-29,Standard Class,CUST-1157,Customer 157,Corporate,United States,Miami,Florida,47298,South,PROD-2157,Technology,Accessories,Accessories Product 157,4386.18,1,0.2,587.66
158,CA-2024-10158,2024-11-24,2024-11-29,Same Day,CUST-1158,Customer 158,Home Office,United States,Tacoma,Washington,43720,West,PROD-2158,Furniture,Bookcases,Bookcases Product 158,2350.74,4,0.0,36.07
159,CA-2024-10159,2024-01-08,2024-01-14,First Class,CUST-1159,Customer 159,Consumer,United States,Buffalo,New York,62538,East,PROD-2159,Technology,Copiers,Copiers Product 159,3791.27,3,0.3,998.98
160,CA-2024-10160,2024-04-04,2024-04-06,First Class,CUST-1160,Customer 160,Corporate,United States,Orlando,Florida,86344,East,PROD-2160,Furniture,Chairs,Chairs Product 160,1318.71,4,0.3,299.19
161,CA-2024-10161,2024-05-13,2024-05-19,First Class,CUST-1161,Customer 161,Home Office,United States,New York City,New York,25389,Central,PROD-2161,Furniture,Bookcases,Bookcases Product 161,608.76,5,0.1,32.09
162,CA-2024-10162,2024-07-07,2024-07-12,Same Day,CUST-1162,Customer 162,Home Office,United States,Houston,Texas,97044,West,PROD-2162,Furniture,Tables,Tables Product 162,782.86,10,0.2,45.35
163,CA-2024-10163,2024-05-06,2024-05-12,Standard Class,CUST-1163,Customer 163,Consumer,United States,Seattle,Washington,81781,West,PROD-2163,Technology,Accessories,Accessories Product 163,2650.3,6,0.0,817.94
164,CA-2024-10164,2024-10-20,2024-10-25,Same Day,CUST-1164,Customer 164,Consumer,United States,Houston,Texas,69432,West,PROD-2164,Office Supplies,Storage,Storage Product 164,2220.37,4,0.3,-232.09
165,CA-2024-10165,2024-09-19,2024-09-23,Standard Class,CUST-1165,Customer 165,Home Office,United States,Miami,Florida,38560,East,PROD-2165,Technology,Accessories,Accessories Product 165,3370.38,5,0.0,161.69
166,CA-2024-10166,2024-01-24,2024-01-28,Same Day,CUST-1166,Customer 166,Consumer,United States,New York City,New York,27750,South,PROD-2166,Technology,Phones,Phones Product 166,4674.22,2,0.3,-626.97
167,CA-2024-10167,2024-07-10,2024-07-14,First Class,CUST-1167,Customer 167,Consumer,United States,Orlando,Florida,33392,South,PROD-2167,Office Supplies,Binders,Binders Product 167,3420.0,9,0.1,604.54
168,CA-2024-10168,2024-09-27,2024-09-29,Second Class,CUST-1168,Customer 168,Consumer,United States,Houston,Texas,70375,Central,PROD-2168,Furniture,Tables,Tables Product 168,2325.76,9,0.3,269.71
169,CA-2024-10169,2024-03-20,2024-03-23,Standard Class,CUST-1169,Customer 169,Home Office,United States,Houston,Texas,14400,South,PROD-2169,Furniture,Bookcases,Bookcases Product 169,2107.82,1,0.1,-98.98
170,CA-2024-10170,2024-11-02,2024-11-08,Standard Class,CUST-1170,Customer 170,Consumer,United States,Los Angeles,California,76046,Central,PROD-2170,Technology,Phones,Phones Product 170,2023.28,4,0.1,459.67
171,CA-2024-10171,2024-04-29,2024-05-06,Second Class,CUST-1171,Customer 171,Home Office,United States,Tacoma,Washington,78321,West,PROD-2171,Technology,Copiers,Copiers Product 171,3867.24,6,0.1,3.41
172,CA-2024-10172,2024-07-30,2024-08-02,Standard Class,CUST-1172,Customer 172,Corporate,United States,New York City,New York,94320,South,PROD-2172,Technology,Copiers,Copiers Product 172,4400.98,3,0.3,563.0
173,CA-2024-10173,2024-09-25,2024-09-28,Second Class,CUST-1173,Customer 173,Corporate,United States,Orlando,Florida,28920,South,PROD-2173,Furniture,Tables,Tables Product 173,1894.77,9,0.3,-55.93
174,CA-2024-10174,2024-01-30,2024-02-04,Standard Class,CUST-1174,Customer 174,Corporate,United States,Orlando,Florida,58637,East,PROD-2174,Technology,Copiers,Copiers Product 174,687.78,4,0.2,-33.24
175,CA-2024-10175,2024-10-01,2024-10-07,Second Class,CUST-1175,Customer 175,Home Office,United States,Houston,Texas,98008,West,PROD-2175,Office Supplies,Paper,Paper Product 175,3374.89,10,0.0,967.95
176,CA-2024-10176,2024-09-02,2024-09-04,Second Class,CUST-1176,Customer 176,Corporate,United States,Buffalo,New York,41369,Central,PROD-2176,Furniture,Chairs,Chairs Product 176,4687.06,2,0.3,1439.96
177,CA-2024-10177,2024-05-24,2024-05-28,Same Day,CUST-1177,Customer 177,Corporate,United States,Orlando,Florida,36624,Central,PROD-2177,Office Supplies,Paper,Paper Product 177,1811.03,8,0.3,-182.36
178,CA-2024-10178,2024-06-09,2024-06-13,Second Class,CUST-1178,Customer 178,Corporate,United States,Los Angeles,California,40149,South,PROD-2178,Technology,Phones,Phones Product 178,100.78,9,0.3,-0.24
179,CA-2024-10179,2024-10-18,2024-10-25,Same Day,CUST-1179,Customer 179,Home Office,United States,Dallas,Texas,94108,South,PROD-2179,Technology,Copiers,Copiers Product 179,4718.45,6,0.2,1093.17
180,CA-2024-10180,2024-08-23,2024-08-25,Standard Class,CUST-1180,Customer 180,Home Office,United States,New York City,New York,16358,East,PROD-2180,Furniture,Bookcases,Bookcases Product 180,2741.8,3,0.0,307.01
181,CA-2024-10181,2024-07-30,2024-08-01,Same Day,CUST-1181,Customer 181,Home Office,United States,Houston,Texas,73944,East,PROD-2181,Technology,Phones,Phones Product 181,65.52,9,0.3,2.4
182,CA-2024-10182,2024-01-04,2024-01-09,Same Day,CUST-1182,Customer 182,Consumer,United States,Tacoma,Washington,24026,East,PROD-2182,Furniture,Chairs,Chairs Product 182,2656.5,5,0.2,-375.71
183,CA-2024-10183,2024-09-25,2024-09-27,Standard Class,CUST-1183,Customer 183,Corporate,United States,Houston,Texas,63218,South,PROD-2183,Technology,Copiers,Copiers Product 183,1277.04,6,0.2,316.03
184,CA-2024-10184,2024-10-16,2024-10-18,Same Day,CUST-1184,Customer 184,Home Office,United States,Dallas,Texas,72390,East,PROD-2184,Technology,Phones,Phones Product 184,3275.6,1,0.0,172.42
185,CA-2024-10185,2024-11-22,2024-11-23,Standard Class,CUST-1185,Customer 185,Consumer,United States,Houston,Texas,37710,South,PROD-2185,Office Supplies,Paper,Paper Product 185,3231.64,6,0.0,961.08
186,CA-2024-10186,2024-05-18,2024-05-19,Second Class,CUST-1186,Customer 186,Home Office,United States,San Diego,California,28899,South,PROD-2186,Technology,Copiers,Copiers Product 186,3297.38,3,0.2,-468.79
187,CA-2024-10187,2024-02-09,2024-02-12,Second Class,CUST-1187,Customer 187,Home Office,United States,Houston,Texas,20279,Central,PROD-2187,Technology,Accessories,Accessories Product 187,3391.63,9,0.2,142.19
188,CA-2024-10188,2024-01-28,2024-01-29,First Class,CUST-1188,Customer 188,Consumer,United States,Miami,Florida,93115,Central,PROD-2188,Furniture,Tables,Tables Product 188,3033.74,10,0.3,1014.67
189,CA-2024-10189,2024-08-18,2024-08-22,First Class,CUST-1189,Customer 189,Consumer,United States,Dallas,Texas,19634,East,PROD-2189,Technology,Accessories,Accessories Product 189,2170.6,10,0.3,-232.59
190,CA-2024-10190,2024-05-17,2024-05-19,First Class,CUST-1190,Customer 190,Corporate,United States,Miami,Florida,57175,Central,PROD-2190,Technology,Accessories,Accessories Product 190,1597.06,2,0.0,-235.41
191,CA-2024-10191,2024-02-22,2024-02-24,Standard Class,CUST-1191,Customer 191,Corporate,United States,Los Angeles,California,82642,East,PROD-2191,Office Supplies,Paper,Paper Product 191,2793.79,9,0.3,-274.78
192,CA-2024-10192,2024-11-01,2024-11-06,Second Class,CUST-1192,Customer 192,Home Office,United States,Buffalo,New York,59903,West,PROD-2192,Furniture,Tables,Tables Product 192,2080.77,2,0.1,282.94
193,CA-2024-10193,2024-03-12,2024-03-15,Same Day,CUST-1193,Customer 193,Consumer,United States,Buffalo,New York,57333,Central,PROD-2193,Office Supplies,Binders,Binders Product 193,335.07,7,0.2,20.29
194,CA-2024-10194,2024-05-06,2024-05-12,Same Day,CUST-1194,Customer 194,Corporate,United States,Miami,Florida,67700,Central,PROD-2194,Office Supplies,Binders,Binders Product 194,694.74,1,0.3,11.19
195,CA-2024-10195,2024-08-08,2024-08-15,Same Day,CUST-1195,Customer 195,Corporate,United States,Seattle,Washington,48200,South,PROD-2195,Office Supplies,Paper,Paper Product 195,3023.99,4,0.3,21.45
196,CA-2024-10196,2024-10-21,2024-10-28,Second Class,CUST-1196,Customer 196,Home Office,United States,Dallas,Texas,81516,West,PROD-2196,Office Supplies,Paper,Paper Product 196,4086.14,7,0.2,-380.24
197,CA-2024-10197,2024-12-15,2024-12-22,Standard Class,CUST-1197,Customer 197,Corporate,United States,Seattle,Washington,98208,South,PROD-2197,Technology,Accessories,Accessories Product 197,4716.02,4,0.3,1173.55
198,CA-2024-10198,2024-03-12,2024-03-18,Same Day,CUST-1198,Customer 198,Home Office,United States,New York City,New York,62534,South,PROD-2198,Office Supplies,Storage,Storage Product 198,787.63,7,0.3,-89.02
199,CA-2024-10199,2024-10-05,2024-10-06,Standard Class,CUST-1199,Customer 199,Home Office,United States,New York City,New York,94545,South,PROD-2199,Furniture,Chairs,Chairs Product 199,3294.86,6,0.1,571.66
200,CA-2024-10200,2024-06-18,2024-06-25,Same Day,CUST-1200,Customer 200,Corporate,United States,Miami,Florida,99070,West,PROD-2200,Furniture,Chairs,Chairs Product 200,1308.52,9,0.1,95.38
201,CA-2024-10201,2024-06-25,2024-06-26,Second Class,CUST-1201,Customer 201,Corporate,United States,Miami,Florida,50880,Central,PROD-2201,Office Supplies,Paper,Paper Product 201,4604.33,2,0.0,1223.18
202,CA-2024-10202,2024-08-21,2024-08-28,Standard Class,CUST-1202,Customer 202,Home Office,United States,Dallas,Texas,25084,East,PROD-2202,Office Supplies,Paper,Paper Product 202,506.16,8,0.2,-58.92
203,CA-2024-10203,2024-06-24,2024-06-30,Same Day,CUST-1203,Customer 203,Corporate,United States,Los Angeles,California,40389,South,PROD-2203,Technology,Phones,Phones Product 203,2589.65,9,0.1,40.13
204,CA-2024-10204,2024-11-18,2024-11-20,Same Day,CUST-1204,Customer 204,Consumer,United States,Dallas,Texas,38153,West,PROD-2204,Office Supplies,Binders,Binders Product 204,3692.19,4,0.3,539.43
205,CA-2024-10205,2024-05-22,2024-05-29,Same Day,CUST-1205,Customer 205,Home Office,United States,Los Angeles,California,93769,Central,PROD-2205,Technology,Phones,Phones Product 205,1841.65,4,0.3,-171.31
206,CA-2024-10206,2024-11-01,2024-11-05,First Class,CUST-1206,Customer 206,Home Office,United States,Tacoma,Washington,87354,East,PROD-2206,Technology,Phones,Phones Product 206,1752.66,8,0.1,450.2
207,CA-2024-10207,2024-12-10,2024-12-12,Same Day,CUST-1207,Customer 207,Home Office,United States,New York City,New York,28070,South,PROD-2207,Furniture,Tables,Tables Product 207,602.41,6,0.1,63.5
208,CA-2024-10208,2024-08-04,2024-08-06,Same Day,CUST-1208,Customer 208,Home Office,United States,Miami,Florida,17026,Central,PROD-2208,Technology,Phones,Phones Product 208,2458.42,3,0.1,17.92
209,CA-2024-10209,2024-01-05,2024-01-09,Same Day,CUST-1209,Customer 209,Home Office,United States,Houston,Texas,68176,South,PROD-2209,Office Supplies,Storage,Storage Product 209,2537.08,8,0.3,488.0
210,CA-2024-10210,2024-03-26,2024-03-27,Same Day,CUST-1210,Customer 210,Home Office,United States,Seattle,Washington,74921,East,PROD-2210,Furniture,Tables,Tables Product 210,182.82,4,0.2,-12.05
211,CA-2024-10211,2024-10-20,2024-10-21,Standard Class,CUST-1211,Customer 211,Home Office,United States,Buffalo,New York,95678,West,PROD-2211,Technology,Phones,Phones Product 211,3804.82,8,0.1,1312.24
212,CA-2024-10212,2024-06-01,2024-06-08,Standard Class,CUST-1212,Customer 212,Consumer,United States,San Diego,California,37509,Central,PROD-2212,Office Supplies,Paper,Paper Product 212,4313.75,2,0.3,1219.26
213,CA-2024-10213,2024-12-29,2025-01-03,First Class,CUST-1213,Customer 213,Home Office,United States,Miami,Florida,80617,West,PROD-2213,Technology,Phones,Phones Product 213,3928.55,4,0.0,530.5
214,CA-2024-10214,2024-06-14,2024-06-20,Same Day,CUST-1214,Customer 214,Consumer,United States,Buffalo,New York,46349,West,PROD-2214,Technology,Accessories,Accessories Product 214,4762.94,9,0.0,-391.54
215,CA-2024-10215,2024-12-25,2025-01-01,First Class,CUST-1215,Customer 215,Home Office,United States,Houston,Texas,64293,South,PROD-2215,Furniture,Bookcases,Bookcases Product 215,1624.04,4,0.3,153.84
216,CA-2024-10216,2024-08-19,2024-08-20,First Class,CUST-1216,Customer 216,Home Office,United States,San Diego,California,10324,East,PROD-2216,Technology,Copiers,Copiers Product 216,1405.56,6,0.3,456.99
217,CA-2024-10217,2024-08-22,2024-08-28,First Class,CUST-1217,Customer 217,Corporate,United States,New York City,New York,54270,West,PROD-2217,Technology,Accessories,Accessories Product 217,1104.79,7,0.1,107.56
218,CA-2024-10218,2024-10-16,2024-10-23,Second Class,CUST-1218,Customer 218,Corporate,United States,Orlando,Florida,69836,East,PROD-2218,Technology,Phones,Phones Product 218,248.8,8,0.0,-21.86
219,CA-2024-10219,2024-08-07,2024-08-09,Second Class,CUST-1219,Customer 219,Consumer,United States,Dallas,Texas,61949,Central,PROD-2219,Furniture,Tables,Tables Product 219,484.83,6,0.2,-52.74
220,CA-2024-10220,2024-12-24,2024-12-31,Second Class,CUST-1220,Customer 220,Home Office,United States,Dallas,Texas,39647,South,PROD-2220,Technology,Phones,Phones Product 220,3524.42,1,0.1,311.57
221,CA-2024-10221,2024-01-05,2024-01-06,Standard Class,CUST-1221,Customer 221,Consumer,United States,New York City,New York,51071,Central,PROD-2221,Office Supplies,Storage,Storage Product 221,678.23,2,0.1,28.17
222,CA-2024-10222,2024-06-02,2024-06-04,Second Class,CUST-1222,Customer 222,Corporate,United States,Miami,Florida,56030,West,PROD-2222,Technology,Copiers,Copiers Product 222,731.41,9,0.0,113.49
223,CA-2024-10223,2024-11-17,2024-11-23,Second Class,CUST-1223,Customer 223,Consumer,United States,Dallas,Texas,87276,South,PROD-2223,Technology,Copiers,Copiers Product 223,2223.07,4,0.0,663.13
224,CA-2024-10224,2024-06-28,2024-07-02,Standard Class,CUST-1224,Customer 224,Home Office,United States,New York City,New York,49537,West,PROD-2224,Furniture,Tables,Tables Product 224,3230.21,4,0.2,773.59
225,CA-2024-10225,2024-09-22,2024-09-27,Standard Class,CUST-1225,Customer 225,Consumer,United States,Seattle,Washington,75481,East,PROD-2225,Technology,Accessories,Accessories Product 225,1491.8,1,0.1,145.37
226,CA-2024-10226,2024-09-27,2024-09-28,Second Class,CUST-1226,Customer 226,Corporate,United States,Buffalo,New York,19567,East,PROD-2226,Furniture,Tables,Tables Product 226,4306.85,10,0.3,140.86
227,CA-2024-10227,2024-10-27,2024-10-28,Same Day,CUST-1227,Customer 227,Corporate,United States,San Diego,California,62727,East,PROD-2227,Furniture,Chairs,Chairs Product 227,4614.44,7,0.2,758.08
228,CA-2024-10228,2024-11-23,2024-11-28,Second Class,CUST-1228,Customer 228,Home Office,United States,Seattle,Washington,52827,South,PROD-2228,Office Supplies,Binders,Binders Product 228,1563.34,9,0.1,527.09
229,CA-2024-10229,2024-10-27,2024-11-02,Same Day,CUST-1229,Customer 229,Consumer,United States,San Diego,California,69424,East,PROD-2229,Technology,Accessories,Accessories Product 229,3655.19,4,0.0,-101.47
230,CA-2024-10230,2024-06-07,2024-06-13,First Class,CUST-1230,Customer 230,Home Office,United States,Houston,Texas,77793,Central,PROD-2230,Furniture,Bookcases,Bookcases Product 230,703.31,1,0.1,69.07
231,CA-2024-10231,2024-03-26,2024-03-29,First Class,CUST-1231,Customer 231,Home Office,United States,Dallas,Texas,18371,Central,PROD-2231,Technology,Phones,Phones Product 231,3861.72,1,0.2,979.15
232,CA-2024-10232,2024-12-30,2025-01-04,First Class,CUST-1232,Customer 232,Consumer,United States,San Diego,California,85223,East,PROD-2232,Office Supplies,Storage,Storage Product 232,1813.42,8,0.1,61.37
233,CA-2024-10233,2024-04-26,2024-05-02,Second Class,CUST-1233,Customer 233,Consumer,United States,Seattle,Washington,14635,South,PROD-2233,Furniture,Chairs,Chairs Product 233,1237.87,8,0.2,51.36
234,CA-2024-10234,2024-04-24,2024-04-27,Standard Class,CUST-1234,Customer 234,Consumer,United States,Dallas,Texas,39253,East,PROD-2234,Technology,Accessories,Accessories Product 234,1370.86,2,0.2,-123.79
235,CA-2024-10235,2024-07-24,2024-07-25,First Class,CUST-1235,Customer 235,Home Office,United States,Orlando,Florida,49834,West,PROD-2235,Office Supplies,Paper,Paper Product 235,450.2,8,0.0,15.51
236,CA-2024-10236,2024-08-25,2024-08-28,Same Day,CUST-1236,Customer 236,Consumer,United States,Tacoma,Washington,40539,Central,PROD-2236,Furniture,Bookcases,Bookcases Product 236,4504.21,4,0.1,-661.27
237,CA-2024-10237,2024-11-21,2024-11-28,Second Class,CUST-1237,Customer 237,Corporate,United States,San Diego,California,74491,East,PROD-2237,Furniture,Bookcases,Bookcases Product 237,1893.85,5,0.0,-89.77
238,CA-2024-10238,2024-03-13,2024-03-19,First Class,CUST-1238,Customer 238,Corporate,United States,New York City,New York,21128,East,PROD-2238,Furniture,Chairs,Chairs Product 238,4488.49,9,0.3,899.6
239,CA-2024-10239,2024-09-15,2024-09-17,First Class,CUST-1239,Customer 239,Corporate,United States,Miami,Florida,52762,Central,PROD-2239,Technology,Copiers,Copiers Product 239,330.17,3,0.1,-1.37
240,CA-2024-10240,2024-08-19,2024-08-22,Second Class,CUST-1240,Customer 240,Corporate,United States,Houston,Texas,71086,Central,PROD-2240,Furniture,Chairs,Chairs Product 240,3904.09,10,0.0,-282.25
241,CA-2024-10241,2024-07-27,2024-07-28,First Class,CUST-1241,Customer 241,Home Office,United States,Tacoma,Washington,89076,East,PROD-2241,Furniture,Tables,Tables Product 241,1555.37,5,0.0,-162.99
242,CA-2024-10242,2024-04-20,2024-04-27,First Class,CUST-1242,Customer 242,Corporate,United States,New York City,New York,32789,East,PROD-2242,Furniture,Bookcases,Bookcases Product 242,1256.13,6,0.3,134.07
243,CA-2024-10243,2024-07-26,2024-08-02,Second Class,CUST-1243,Customer 243,Consumer,United States,Miami,Florida,35969,South,PROD-2243,Furniture,Tables,Tables Product 243,527.5,3,0.0,-75.97
244,CA-2024-10244,2024-07-09,2024-07-15,Standard Class,CUST-1244,Customer 244,Corporate,United States,San Diego,California,26059,East,PROD-2244,Furniture,Chairs,Chairs Product 244,4985.86,4,0.3,1269.65
245,CA-2024-10245,2024-08-24,2024-08-25,Second Class,CUST-1245,Customer 245,Consumer,United States,Dallas,Texas,46042,Central,PROD-2245,Technology,Accessories,Accessories Product 245,2490.71,7,0.3,-158.4
246,CA-2024-10246,2024-08-16,2024-08-18,First Class,CUST-1246,Customer 246,Corporate,United States,Los Angeles,California,27987,South,PROD-2246,Technology,Accessories,Accessories Product 246,2504.48,9,0.3,-299.31
247,CA-2024-10247,2024-04-12,2024-04-18,Same Day,CUST-1247,Customer 247,Corporate,United States,Seattle,Washington,84141,Central,PROD-2247,Technology,Copiers,Copiers Product 247,3978.33,7,0.2,357.42
248,CA-2024-10248,2024-07-17,2024-07-20,Same Day,CUST-1248,Customer 248,Home Office,United States,Houston,Texas,56849,West,PROD-2248,Office Supplies,Storage,Storage Product 248,1110.72,5,0.0,282.49
249,CA-2024-10249,2024-03-22,2024-03-23,Same Day,CUST-1249,Customer 249,Corporate,United States,Houston,Texas,32768,West,PROD-2249,Office Supplies,Storage,Storage Product 249,4085.1,1,0.1,563.11
250,CA-2024-10250,2024-05-01,2024-05-06,Second Class,CUST-1250,Customer 250,Corporate,United States,Buffalo,New York,81057,Central,PROD-2250,Technology,Phones,Phones Product 250,3523.2,6,0.1,463.49
251,CA-2024-10251,2024-03-30,2024-04-03,Second Class,CUST-1251,Customer 251,Consumer,United States,Los Angeles,California,54663,West,PROD-2251,Furniture,Chairs,Chairs Product 251,3016.28,1,0.3,-451.41
252,CA-2024-10252,2024-06-14,2024-06-15,First Class,CUST-1252,Customer 252,Home Office,United States,Los Angeles,California,96787,South,PROD-2252,Technology,Copiers,Copiers Product 252,4587.78,2,0.2,1515.25
253,CA-2024-10253,2024-10-27,2024-10-28,Second Class,CUST-1253,Customer 253,Home Office,United States,Buffalo,New York,83659,Central,PROD-2253,Office Supplies,Binders,Binders Product 253,4879.79,7,0.3,851.96
254,CA-2024-10254,2024-04-24,2024-04-30,Standard Class,CUST-1254,Customer 254,Home Office,United States,Seattle,Washington,85082,South,PROD-2254,Office Supplies,Paper,Paper Product 254,3675.29,5,0.1,-224.73
255,CA-2024-10255,2024-10-17,2024-10-18,Standard Class,CUST-1255,Customer 255,Consumer,United States,Dallas,Texas,55457,Central,PROD-2255,Technology,Phones,Phones Product 255,3205.44,2,0.3,-255.4
256,CA-2024-10256,2024-03-26,2024-04-01,Standard Class,CUST-1256,Customer 256,Home Office,United States,San Diego,California,10167,East,PROD-2256,Office Supplies,Binders,Binders Product 256,1340.76,4,0.0,33.84
257,CA-2024-10257,2024-07-16,2024-07-20,Same Day,CUST-1257,Customer 257,Home Office,United States,Miami,Florida,95323,West,PROD-2257,Office Supplies,Paper,Paper Product 257,4411.22,6,0.3,-437.97
258,CA-2024-10258,2024-03-24,2024-03-28,Same Day,CUST-1258,Customer 258,Consumer,United States,Los Angeles,California,19830,East,PROD-2258,Office Supplies,Binders,Binders Product 258,1607.21,2,0.0,33.6
259,CA-2024-10259,2024-06-22,2024-06-27,Standard Class,CUST-1259,Customer 259,Corporate,United States,Tacoma,Washington,36941,West,PROD-2259,Technology,Phones,Phones Product 259,2167.99,3,0.3,-154.9
260,CA-2024-10260,2024-07-28,2024-08-03,Same Day,CUST-1260,Customer 260,Consumer,United States,Tacoma,Washington,17144,Central,PROD-2260,Technology,Accessories,Accessories Product 260,1501.06,2,0.0,69.73
261,CA-2024-10261,2024-01-02,2024-01-06,Second Class,CUST-1261,Customer 261,Home Office,United States,San Diego,California,48248,East,PROD-2261,Technology,Copiers,Copiers Product 261,3009.07,4,0.0,-412.64
262,CA-2024-10262,2024-08-30,2024-09-06,Same Day,CUST-1262,Customer 262,Consumer,United States,San Diego,California,58630,South,PROD-2262,Office Supplies,Paper,Paper Product 262,2455.7,5,0.0,419.76
263,CA-2024-10263,2024-07-08,2024-07-10,Second Class,CUST-1263,Customer 263,Home Office,United States,Miami,Florida,97486,East,PROD-2263,Office Supplies,Paper,Paper Product 263,2335.99,4,0.2,308.64
264,CA-2024-10264,2024-02-13,2024-02-19,Same Day,CUST-1264,Customer 264,Home Office,United States,Buffalo,New York,40886,South,PROD-2264,Technology,Phones,Phones Product 264,2776.94,7,0.3,924.2
265,CA-2024-10265,2024-06-02,2024-06-03,Same Day,CUST-1265,Customer 265,Consumer,United States,Miami,Florida,31910,West,PROD-2265,Technology,Copiers,Copiers Product 265,4504.27,10,0.1,-404.75
266,CA-2024-10266,2024-04-08,2024-04-10,Standard Class,CUST-1266,Customer 266,Consumer,United States,San Diego,California,60868,South,PROD-2266,Furniture,Bookcases,Bookcases Product 266,2188.26,3,0.2,21.61
267,CA-2024-10267,2024-10-09,2024-10-12,Second Class,CUST-1267,Customer 267,Consumer,United States,Buffalo,New York,84264,East,PROD-2267,Furniture,Bookcases,Bookcases Product 267,3122.83,9,0.3,-292.74
268,CA-2024-10268,2024-02-24,2024-02-29,Same Day,CUST-1268,Customer 268,Consumer,United States,San Diego,California,32570,Central,PROD-2268,Technology,Accessories,Accessories Product 268,4391.91,5,0.3,779.1
269,CA-2024-10269,2024-07-25,2024-07-27,Same Day,CUST-1269,Customer 269,Corporate,United States,Tacoma,Washington,58816,East,PROD-2269,Furniture,Tables,Tables Product 269,4450.08,6,0.1,-557.84
270,CA-2024-10270,2024-06-21,2024-06-28,Same Day,CUST-1270,Customer 270,Corporate,United States,Buffalo,New York,45313,South,PROD-2270,Office Supplies,Paper,Paper Product 270,4294.01,2,0.1,-355.58
271,CA-2024-10271,2024-11-05,2024-11-11,First Class,CUST-1271,Customer 271,Consumer,United States,Los Angeles,California,77537,West,PROD-2271,Office Supplies,Binders,Binders Product 271,4568.9,7,0.3,1049.69
272,CA-2024-10272,2024-02-03,2024-02-06,Second Class,CUST-1272,Customer 272,Consumer,United States,Tacoma,Washington,42701,East,PROD-2272,Furniture,Bookcases,Bookcases Product 272,4399.08,1,0.1,-235.87
273,CA-2024-10273,2024-08-21,2024-08-22,Standard Class,CUST-1273,Customer 273,Home Office,United States,New York City,New York,14005,West,PROD-2273,Office Supplies,Paper,Paper Product 273,4121.06,9,0.3,691.12
274,CA-2024-10274,2024-07-09,2024-07-13,First Class,CUST-1274,Customer 274,Home Office,United States,Tacoma,Washington,21847,Central,PROD-2274,Furniture,Tables,Tables Product 274,2942.66,6,0.2,-200.82
275,CA-2024-10275,2024-01-15,2024-01-19,Same Day,CUST-1275,Customer 275,Home Office,United States,Los Angeles,California,12628,East,PROD-2275,Technology,Phones,Phones Product 275,4288.41,4,0.1,-66.29
276,CA-2024-10276,2024-08-30,2024-09-01,Same Day,CUST-1276,Customer 276,Corporate,United States,Houston,Texas,70161,Central,PROD-2276,Furniture,Tables,Tables Product 276,3049.55,5,0.2,188.78
277,CA-2024-10277,2024-04-21,2024-04-25,Standard Class,CUST-1277,Customer 277,Corporate,United States,Buffalo,New York,18367,Central,PROD-2277,Technology,Phones,Phones Product 277,56.59,6,0.2,-0.04
278,CA-2024-10278,2024-05-21,2024-05-27,Second Class,CUST-1278,Customer 278,Consumer,United States,Buffalo,New York,88647,South,PROD-2278,Office Supplies,Storage,Storage Product 278,3561.25,5,0.1,-267.22
279,CA-2024-10279,2024-12-04,2024-12-07,Standard Class,CUST-1279,Customer 279,Home Office,United States,Houston,Texas,84978,West,PROD-2279,Technology,Accessories,Accessories Product 279,4987.4,5,0.3,260.84
280,CA-2024-10280,2024-06-24,2024-06-30,Same Day,CUST-1280,Customer 280,Consumer,United States,Dallas,Texas,43902,West,PROD-2280,Technology,Accessories,Accessories Product 280,2546.43,3,0.1,-7.91
281,CA-2024-10281,2024-12-14,2024-12-17,First Class,CUST-1281,Customer 281,Corporate,United States,Los Angeles,California,44152,Central,PROD-2281,Office Supplies,Binders,Binders Product 281,3726.17,5,0.3,909.35
282,CA-2024-10282,2024-08-25,2024-09-01,Second Class,CUST-1282,Customer 282,Home Office,United States,San Diego,California,25704,South,PROD-2282,Furniture,Bookcases,Bookcases Product 282,2926.2,10,0.0,251.97
283,CA-2024-10283,2024-09-28,2024-10-01,Same Day,CUST-1283,Customer 283,Consumer,United States,Miami,Florida,51469,West,PROD-2283,Furniture,Chairs,Chairs Product 283,4961.89,6,0.3,1704.88
284,CA-2024-10284,2024-02-11,2024-02-15,Second Class,CUST-1284,Customer 284,Home Office,United States,New York City,New York,30766,South,PROD-2284,Office Supplies,Storage,Storage Product 284,308.91,8,0.2,-14.0
285,CA-2024-10285,2024-02-15,2024-02-17,Second Class,CUST-1285,Customer 285,Home Office,United States,Tacoma,Washington,58903,East,PROD-2285,Technology,Accessories,Accessories Product 285,2028.9,8,0.3,-299.6
286,CA-2024-10286,2024-06-13,2024-06-20,First Class,CUST-1286,Customer 286,Corporate,United States,Seattle,Washington,26899,East,PROD-2286,Furniture,Bookcases,Bookcases Product 286,40.54,4,0.1,7.98
287,CA-2024-10287,2024-07-15,2024-07-20,First Class,CUST-1287,Customer 287,Corporate,United States,Tacoma,Washington,27536,Central,PROD-2287,Furniture,Chairs,Chairs Product 287,4122.74,5,0.2,321.42
288,CA-2024-10288,2024-09-07,2024-09-10,Second Class,CUST-1288,Customer 288,Consumer,United States,Houston,Texas,58049,East,PROD-2288,Office Supplies,Binders,Binders Product 288,1157.52,3,0.1,251.23
289,CA-2024-10289,2024-07-11,2024-07-17,Same Day,CUST-1289,Customer 289,Corporate,United States,New York City,New York,59840,East,PROD-2289,Technology,Phones,Phones Product 289,3316.61,1,0.0,646.32
290,CA-2024-10290,2024-10-07,2024-10-10,Standard Class,CUST-1290,Customer 290,Home Office,United States,Miami,Florida,78197,Central,PROD-2290,Furniture,Bookcases,Bookcases Product 290,3434.99,1,0.2,207.6
291,CA-2024-10291,2024-11-14,2024-11-19,Standard Class,CUST-1291,Customer 291,Corporate,United States,Dallas,Texas,36037,West,PROD-2291,Furniture,Bookcases,Bookcases Product 291,3599.46,2,0.2,-334.73
292,CA-2024-10292,2024-05-14,2024-05-21,Second Class,CUST-1292,Customer 292,Home Office,United States,Seattle,Washington,73001,Central,PROD-2292,Office Supplies,Storage,Storage Product 292,2060.59,3,0.0,255.66
293,CA-2024-10293,2024-04-30,2024-05-01,Standard Class,CUST-1293,Customer 293,Home Office,United States,Los Angeles,California,23276,Central,PROD-2293,Furniture,Bookcases,Bookcases Product 293,3351.73,3,0.0,803.62
294,CA-2024-10294,2024-11-25,2024-11-27,First Class,CUST-1294,Customer 294,Home Office,United States,Orlando,Florida,50987,South,PROD-2294,Office Supplies,Paper,Paper Product 294,269.4,3,0.0,74.39
295,CA-2024-10295,2024-02-29,2024-03-01,First Class,CUST-1295,Customer 295,Home Office,United States,Los Angeles,California,22183,Central,PROD-2295,Furniture,Bookcases,Bookcases Product 295,3243.05,6,0.2,964.04
296,CA-2024-10296,2024-06-24,2024-06-26,Second Class,CUST-1296,Customer 296,Consumer,United States,San Diego,California,27368,East,PROD-2296,Office Supplies,Paper,Paper Product 296,1373.73,7,0.3,343.36
297,CA-2024-10297,2024-03-22,2024-03-23,Standard Class,CUST-1297,Customer 297,Home Office,United States,Orlando,Florida,27125,South,PROD-2297,Technology,Copiers,Copiers Product 297,2202.05,10,0.3,527.57
298,CA-2024-10298,2024-09-06,2024-09-07,Second Class,CUST-1298,Customer 298,Home Office,United States,Orlando,Florida,54341,East,PROD-2298,Furniture,Chairs,Chairs Product 298,1322.83,6,0.0,267.59
299,CA-2024-10299,2024-08-09,2024-08-15,Standard Class,CUST-1299,Customer 299,Consumer,United States,Dallas,Texas,94331,West,PROD-2299,Office Supplies,Storage,Storage Product 299,3387.95,7,0.1,913.11
300,CA-2024-10300,2024-09-15,2024-09-22,First Class,CUST-1300,Customer 300,Consumer,United States,Orlando,Florida,76444,West,PROD-2300,Furniture,Chairs,Chairs Product 300,3762.12,6,0.1,58.12
301,CA-2024-10301,2024-10-08,2024-10-14,Same Day,CUST-1301,Customer 301,Corporate,United States,Orlando,Florida,51426,East,PROD-2301,Furniture,Chairs,Chairs Product 301,2306.29,10,0.3,-244.44
302,CA-2024-10302,2024-09-11,2024-09-17,First Class,CUST-1302,Customer 302,Home Office,United States,Los Angeles,California,83706,West,PROD-2302,Office Supplies,Paper,Paper Product 302,198.44,9,0.0,52.18
303,CA-2024-10303,2024-12-01,2024-12-07,Same Day,CUST-1303,Customer 303,Home Office,United States,Orlando,Florida,96136,Central,PROD-2303,Office Supplies,Binders,Binders Product 303,4086.61,8,0.2,531.57
304,CA-2024-10304,2024-08-19,2024-08-20,Standard Class,CUST-1304,Customer 304,Consumer,United States,Los Angeles,California,74542,West,PROD-2304,Furniture,Tables,Tables Product 304,1788.59,5,0.2,359.59
305,CA-2024-10305,2024-07-28,2024-07-29,Second Class,CUST-1305,Customer 305,Home Office,United States,New York City,New York,54293,East,PROD-2305,Furniture,Chairs,Chairs Product 305,4652.48,7,0.1,365.33
306,CA-2024-10306,2024-07-31,2024-08-01,Standard Class,CUST-1306,Customer 306,Home Office,United States,Seattle,Washington,16366,South,PROD-2306,Office Supplies,Paper,Paper Product 306,3299.11,9,0.1,1095.06
307,CA-2024-10307,2024-10-26,2024-10-30,First Class,CUST-1307,Customer 307,Home Office,United States,Seattle,Washington,60418,South,PROD-2307,Technology,Copiers,Copiers Product 307,884.78,3,0.0,38.67
308,CA-2024-10308,2024-11-07,2024-11-13,First Class,CUST-1308,Customer 308,Home Office,United States,Dallas,Texas,81802,Central,PROD-2308,Office Supplies,Paper,Paper Product 308,4853.05,8,0.1,-392.66
309,CA-2024-10309,2024-12-30,2025-01-05,Second Class,CUST-1309,Customer 309,Home Office,United States,Seattle,Washington,95208,West,PROD-2309,Furniture,Chairs,Chairs Product 309,3128.35,5,0.2,971.65
310,CA-2024-10310,2024-09-14,2024-09-19,First Class,CUST-1310,Customer 310,Corporate,United States,New York City,New York,11673,East,PROD-2310,Office Supplies,Storage,Storage Product 310,2412.24,10,0.3,451.38
311,CA-2024-10311,2024-01-13,2024-01-17,Second Class,CUST-1311,Customer 311,Consumer,United States,Houston,Texas,48684,West,PROD-2311,Technology,Phones,Phones Product 311,1015.51,3,0.2,194.67
312,CA-2024-10312,2024-10-04,2024-10-05,Same Day,CUST-1312,Customer 312,Consumer,United States,Buffalo,New York,76967,Central,PROD-2312,Furniture,Bookcases,Bookcases Product 312,4342.82,9,0.1,960.66
313,CA-2024-10313,2024-12-20,2024-12-26,First Class,CUST-1313,Customer 313,Consumer,United States,San Diego,California,91338,South,PROD-2313,Office Supplies,Paper,Paper Product 313,4784.38,6,0.0,-686.64
314,CA-2024-10314,2024-04-25,2024-05-01,Second Class,CUST-1314,Customer 314,Home Office,United States,New York City,New York,77350,East,PROD-2314,Technology,Phones,Phones Product 314,1485.01,3,0.0,-83.92
315,CA-2024-10315,2024-07-12,2024-07-13,Same Day,CUST-1315,Customer 315,Home Office,United States,Orlando,Florida,30290,East,PROD-2315,Technology,Accessories,Accessories Product 315,667.73,10,0.2,-98.27
316,CA-2024-10316,2024-03-19,2024-03-22,First Class,CUST-1316,Customer 316,Consumer,United States,Seattle,Washington,51662,West,PROD-2316,Technology,Copiers,Copiers Product 316,4218.84,5,0.3,1033.42
317,CA-2024-10317,2024-04-04,2024-04-09,Second Class,CUST-1317,Customer 317,Home Office,United States,Los Angeles,California,53500,Central,PROD-2317,Office Supplies,Storage,Storage Product 317,2694.44,2,0.2,-106.16
318,CA-2024-10318,2024-07-03,2024-07-06,Second Class,CUST-1318,Customer 318,Consumer,United States,Dallas,Texas,99463,Central,PROD-2318,Technology,Copiers,Copiers Product 318,63.84,6,0.3,-1.9
319,CA-2024-10319,2024-07-14,2024-07-21,Same Day,CUST-1319,Customer 319,Corporate,United States,San Diego,California,15747,Central,PROD-2319,Office Supplies,Storage,Storage Product 319,3625.4,1,0.2,388.48
320,CA-2024-10320,2024-11-29,2024-12-01,Second Class,CUST-1320,Customer 320,Home Office,United States,New York City,New York,92511,West,PROD-2320,Furniture,Chairs,Chairs Product 320,4858.71,9,0.0,794.24
321,CA-2024-10321,2024-12-16,2024-12-20,Second Class,CUST-1321,Customer 321,Consumer,United States,Los Angeles,California,70191,Central,PROD-2321,Technology,Copiers,Copiers Product 321,4395.61,7,0.0,982.18
322,CA-2024-10322,2024-01-20,2024-01-21,Same Day,CUST-1322,Customer 322,Corporate,United States,Los Angeles,California,69129,South,PROD-2322,Furniture,Tables,Tables Product 322,2799.26,10,0.1,855.16
323,CA-2024-10323,2024-08-09,2024-08-12,Standard Class,CUST-1323,Customer 323,Home Office,United States,San Diego,California,19514,Central,PROD-2323,Technology,Phones,Phones Product 323,2683.48,10,0.0,611.78
324,CA-2024-10324,2024-09-14,2024-09-15,Standard Class,CUST-1324,Customer 324,Corporate,United States,Buffalo,New York,30489,West,PROD-2324,Technology,Phones,Phones Product 324,1421.96,8,0.3,67.62
325,CA-2024-10325,2024-03-10,2024-03-16,Second Class,CUST-1325,Customer 325,Consumer,United States,Orlando,Florida,15475,East,PROD-2325,Technology,Phones,Phones Product 325,1504.32,6,0.0,190.69
326,CA-2024-10326,2024-10-20,2024-10-25,Second Class,CUST-1326,Customer 326,Consumer,United States,Miami,Florida,34116,West,PROD-2326,Office Supplies,Binders,Binders Product 326,3746.52,6,0.1,211.03
327,CA-2024-10327,2024-11-11,2024-11-18,Same Day,CUST-1327,Customer 327,Home Office,United States,New York City,New York,82045,East,PROD-2327,Furniture,Chairs,Chairs Product 327,3361.47,10,0.0,926.74
328,CA-2024-10328,2024-05-28,2024-06-03,Second Class,CUST-1328,Customer 328,Consumer,United States,San Diego,California,47373,East,PROD-2328,Furniture,Chairs,Chairs Product 328,3633.43,8,0.2,103.8
329,CA-2024-10329,2024-04-09,2024-04-12,First Class,CUST-1329,Customer 329,Corporate,United States,Orlando,Florida,66139,West,PROD-2329,Office Supplies,Storage,Storage Product 329,3303.92,10,0.1,438.68
330,CA-2024-10330,2024-01-03,2024-01-06,First Class,CUST-1330,Customer 330,Corporate,United States,Houston,Texas,70666,South,PROD-2330,Technology,Copiers,Copiers Product 330,3211.38,5,0.2,-266.05
331,CA-2024-10331,2024-07-02,2024-07-09,Second Class,CUST-1331,Customer 331,Home Office,United States,Buffalo,New York,35746,Central,PROD-2331,Technology,Phones,Phones Product 331,895.34,10,0.0,242.54
332,CA-2024-10332,2024-11-16,2024-11-17,Second Class,CUST-1332,Customer 332,Consumer,United States,Los Angeles,California,82298,Central,PROD-2332,Technology,Copiers,Copiers Product 332,175.35,10,0.3,41.14
333,CA-2024-10333,2024-10-05,2024-10-10,Standard Class,CUST-1333,Customer 333,Corporate,United States,Miami,Florida,57692,East,PROD-2333,Office Supplies,Paper,Paper Product 333,1132.07,10,0.2,-94.03
334,CA-2024-10334,2024-12-05,2024-12-07,Same Day,CUST-1334,Customer 334,Corporate,United States,Seattle,Washington,15297,West,PROD-2334,Technology,Phones,Phones Product 334,2242.18,3,0.1,488.71
335,CA-2024-10335,2024-09-06,2024-09-08,Same Day,CUST-1335,Customer 335,Consumer,United States,San Diego,California,15230,Central,PROD-2335,Office Supplies,Binders,Binders Product 335,233.19,4,0.2,10.27
336,CA-2024-10336,2024-02-22,2024-02-28,Same Day,CUST-1336,Customer 336,Corporate,United States,Tacoma,Washington,87028,East,PROD-2336,Technology,Accessories,Accessories Product 336,2901.58,10,0.1,111.22
337,CA-2024-10337,2024-09-21,2024-09-24,Standard Class,CUST-1337,Customer 337,Home Office,United States,Miami,Florida,28214,South,PROD-2337,Technology,Accessories,Accessories Product 337,1777.43,6,0.3,437.83
338,CA-2024-10338,2024-03-25,2024-03-27,Same Day,CUST-1338,Customer 338,Corporate,United States,San Diego,California,24855,South,PROD-2338,Furniture,Chairs,Chairs Product 338,950.79,6,0.0,171.67
339,CA-2024-10339,2024-12-11,2024-12-15,Second Class,CUST-1339,Customer 339,Home Office,United States,Miami,Florida,87640,West,PROD-2339,Technology,Phones,Phones Product 339,3243.35,7,0.0,-91.35
340,CA-2024-10340,2024-03-09,2024-03-15,Same Day,CUST-1340,Customer 340,Home Office,United States,Seattle,Washington,83872,East,PROD-2340,Technology,Phones,Phones Product 340,298.44,5,0.1,32.33
341,CA-2024-10341,2024-12-04,2024-12-11,Same Day,CUST-1341,Customer 341,Home Office,United States,New York City,New York,28705,West,PROD-2341,Furniture,Tables,Tables Product 341,3040.5,8,0.3,-196.77
342,CA-2024-10342,2024-11-15,2024-11-21,Same Day,CUST-1342,Customer 342,Consumer,United States,Tacoma,Washington,24230,East,PROD-2342,Furniture,Bookcases,Bookcases Product 342,3434.24,8,0.0,-120.52
343,CA-2024-10343,2024-04-13,2024-04-18,Standard Class,CUST-1343,Customer 343,Consumer,United States,Tacoma,Washington,73208,West,PROD-2343,Furniture,Bookcases,Bookcases Product 343,499.57,8,0.0,144.31
344,CA-2024-10344,2024-11-04,2024-11-09,Same Day,CUST-1344,Customer 344,Corporate,United States,San Diego,California,55943,East,PROD-2344,Technology,Accessories,Accessories Product 344,1864.48,1,0.3,-65.74
345,CA-2024-10345,2024-08-05,2024-08-07,Standard Class,CUST-1345,Customer 345,Home Office,United States,Buffalo,New York,10932,East,PROD-2345,Furniture,Chairs,Chairs Product 345,1430.67,9,0.3,-30.18
346,CA-2024-10346,2024-09-23,2024-09-24,First Class,CUST-1346,Customer 346,Corporate,United States,Miami,Florida,80268,South,PROD-2346,Technology,Accessories,Accessories Product 346,2056.05,2,0.1,129.6
347,CA-2024-10347,2024-10-16,2024-10-19,Same Day,CUST-1347,Customer 347,Corporate,United States,Tacoma,Washington,50193,Central,PROD-2347,Technology,Accessories,Accessories Product 347,3779.76,7,0.3,-229.21
348,CA-2024-10348,2024-12-27,2024-12-31,Same Day,CUST-1348,Customer 348,Corporate,United States,Houston,Texas,82165,East,PROD-2348,Technology,Phones,Phones Product 348,2244.04,3,0.0,-95.98
349,CA-2024-10349,2024-03-23,2024-03-27,Second Class,CUST-1349,Customer 349,Corporate,United States,Los Angeles,California,20490,East,PROD-2349,Furniture,Tables,Tables Product 349,4630.79,7,0.0,-546.25
350,CA-2024-10350,2024-07-15,2024-07-19,Second Class,CUST-1350,Customer 350,Home Office,United States,Tacoma,Washington,77915,Central,PROD-2350,Technology,Copiers,Copiers Product 350,306.17,3,0.3,21.27
351,CA-2024-10351,2024-04-09,2024-04-10,Second Class,CUST-1351,Customer 351,Consumer,United States,Seattle,Washington,46167,South,PROD-2351,Technology,Phones,Phones Product 351,3376.64,6,0.1,599.39
352,CA-2024-10352,2024-06-29,2024-07-05,First Class,CUST-1352,Customer 352,Corporate,United States,Orlando,Florida,46242,West,PROD-2352,Technology,Phones,Phones Product 352,2598.36,2,0.0,324.27
353,CA-2024-10353,2024-11-06,2024-11-08,First Class,CUST-1353,Customer 353,Corporate,United States,Orlando,Florida,25336,Central,PROD-2353,Technology,Phones,Phones Product 353,1320.32,7,0.0,170.74
354,CA-2024-10354,2024-10-02,2024-10-09,First Class,CUST-1354,Customer 354,Corporate,United States,Tacoma,Washington,99337,South,PROD-2354,Technology,Accessories,Accessories Product 354,4830.96,10,0.3,1135.2
355,CA-2024-10355,2024-10-27,2024-11-03,Same Day,CUST-1355,Customer 355,Corporate,United States,San Diego,California,77699,East,PROD-2355,Furniture,Tables,Tables Product 355,356.42,4,0.1,89.13
356,CA-2024-10356,2024-12-24,2024-12-31,Second Class,CUST-1356,Customer 356,Corporate,United States,New York City,New York,51139,Central,PROD-2356,Office Supplies,Binders,Binders Product 356,2006.67,6,0.0,255.4
357,CA-2024-10357,2024-04-21,2024-04-26,Second Class,CUST-1357,Customer 357,Home Office,United States,New York City,New York,41726,Central,PROD-2357,Technology,Copiers,Copiers Product 357,4652.67,4,0.3,1016.87
358,CA-2024-10358,2024-04-15,2024-04-17,Same Day,CUST-1358,Customer 358,Home Office,United States,Houston,Texas,10868,East,PROD-2358,Technology,Accessories,Accessories Product 358,796.86,2,0.0,247.1
359,CA-2024-10359,2024-09-03,2024-09-06,First Class,CUST-1359,Customer 359,Corporate,United States,Tacoma,Washington,39110,West,PROD-2359,Office Supplies,Storage,Storage Product 359,4346.47,8,0.1,1487.35
360,CA-2024-10360,2024-01-28,2024-02-02,Standard Class,CUST-1360,Customer 360,Home Office,United States,Orlando,Florida,77922,South,PROD-2360,Technology,Phones,Phones Product 360,2522.33,7,0.1,198.25
361,CA-2024-10361,2024-06-10,2024-06-16,First Class,CUST-1361,Customer 361,Consumer,United States,Los Angeles,California,81901,Central,PROD-2361,Technology,Phones,Phones Product 361,1909.55,2,0.2,58.82
362,CA-2024-10362,2024-05-01,2024-05-04,First Class,CUST-1362,Customer 362,Corporate,United States,Orlando,Florida,62506,Central,PROD-2362,Office Supplies,Binders,Binders Product 362,2503.87,4,0.3,501.67
363,CA-2024-10363,2024-08-18,2024-08-20,Same Day,CUST-1363,Customer 363,Corporate,United States,Seattle,Washington,35698,West,PROD-2363,Technology,Copiers,Copiers Product 363,1158.26,2,0.2,291.93
364,CA-2024-10364,2024-03-17,2024-03-21,First Class,CUST-1364,Customer 364,Corporate,United States,Los Angeles,California,83680,East,PROD-2364,Office Supplies,Paper,Paper Product 364,689.67,9,0.2,167.36
365,CA-2024-10365,2024-07-22,2024-07-23,First Class,CUST-1365,Customer 365,Corporate,United States,Houston,Texas,57226,Central,PROD-2365,Furniture,Tables,Tables Product 365,2393.17,2,0.3,531.99
366,CA-2024-10366,2024-06-25,2024-06-26,First Class,CUST-1366,Customer 366,Corporate,United States,Miami,Florida,52610,South,PROD-2366,Office Supplies,Storage,Storage Product 366,4816.32,4,0.1,1636.04
367,CA-2024-10367,2024-08-16,2024-08-17,Same Day,CUST-1367,Customer 367,Consumer,United States,Orlando,Florida,20369,West,PROD-2367,Office Supplies,Storage,Storage Product 367,4783.84,3,0.2,291.38
368,CA-2024-10368,2024-06-24,2024-06-26,Same Day,CUST-1368,Customer 368,Corporate,United States,Buffalo,New York,86928,South,PROD-2368,Technology,Accessories,Accessories Product 368,3557.96,10,0.3,-51.15
369,CA-2024-10369,2024-07-30,2024-08-01,Same Day,CUST-1369,Customer 369,Consumer,United States,Houston,Texas,22524,East,PROD-2369,Furniture,Bookcases,Bookcases Product 369,1188.44,5,0.0,-53.14
370,CA-2024-10370,2024-08-30,2024-09-04,Second Class,CUST-1370,Customer 370,Consumer,United States,Los Angeles,California,95830,South,PROD-2370,Office Supplies,Storage,Storage Product 370,3829.68,2,0.0,-71.9
371,CA-2024-10371,2024-06-07,2024-06-09,First Class,CUST-1371,Customer 371,Corporate,United States,Dallas,Texas,72410,South,PROD-2371,Office Supplies,Storage,Storage Product 371,649.53,9,0.1,-88.15
372,CA-2024-10372,2024-10-03,2024-10-06,Same Day,CUST-1372,Customer 372,Home Office,United States,Tacoma,Washington,93858,Central,PROD-2372,Furniture,Bookcases,Bookcases Product 372,2705.65,10,0.3,447.85
373,CA-2024-10373,2024-06-26,2024-06-30,Standard Class,CUST-1373,Customer 373,Consumer,United States,Seattle,Washington,78592,West,PROD-2373,Furniture,Tables,Tables Product 373,1553.18,7,0.2,-112.05
374,CA-2024-10374,2024-06-25,2024-06-28,Same Day,CUST-1374,Customer 374,Corporate,United States,Miami,Florida,88250,West,PROD-2374,Technology,Accessories,Accessories Product 374,4735.85,8,0.2,-688.75
375,CA-2024-10375,2024-01-04,2024-01-09,Same Day,CUST-1375,Customer 375,Corporate,United States,New York City,New York,38913,Central,PROD-2375,Office Supplies,Storage,Storage Product 375,2196.79,4,0.1,455.77
376,CA-2024-10376,2024-02-10,2024-02-14,Standard Class,CUST-1376,Customer 376,Consumer,United States,Dallas,Texas,27907,Central,PROD-2376,Office Supplies,Storage,Storage Product 376,3719.78,5,0.3,-208.31
377,CA-2024-10377,2024-02-26,2024-03-03,Standard Class,CUST-1377,Customer 377,Home Office,United States,Orlando,Florida,12900,West,PROD-2377,Office Supplies,Storage,Storage Product 377,3121.31,4,0.2,-437.93
378,CA-2024-10378,2024-02-22,2024-02-25,Same Day,CUST-1378,Customer 378,Consumer,United States,New York City,New York,54815,South,PROD-2378,Technology,Accessories,Accessories Product 378,3640.99,4,0.0,-271.83
379,CA-2024-10379,2024-06-08,2024-06-15,Second Class,CUST-1379,Customer 379,Consumer,United States,Orlando,Florida,44931,South,PROD-2379,Office Supplies,Storage,Storage Product 379,3961.3,6,0.0,1076.57
380,CA-2024-10380,2024-02-06,2024-02-11,Second Class,CUST-1380,Customer 380,Corporate,United States,Miami,Florida,68059,West,PROD-2380,Furniture,Tables,Tables Product 380,4089.91,1,0.0,1379.52
381,CA-2024-10381,2024-01-18,2024-01-20,First Class,CUST-1381,Customer 381,Corporate,United States,Miami,Florida,30789,East,PROD-2381,Technology,Copiers,Copiers Product 381,4910.94,8,0.3,936.62
382,CA-2024-10382,2024-10-08,2024-10-13,Second Class,CUST-1382,Customer 382,Consumer,United States,San Diego,California,40928,South,PROD-2382,Office Supplies,Storage,Storage Product 382,1508.09,6,0.0,425.02
383,CA-2024-10383,2024-06-15,2024-06-16,Same Day,CUST-1383,Customer 383,Home Office,United States,Dallas,Texas,88146,West,PROD-2383,Technology,Phones,Phones Product 383,1991.13,4,0.0,665.87
384,CA-2024-10384,2024-07-09,2024-07-16,Standard Class,CUST-1384,Customer 384,Consumer,United States,Los Angeles,California,56598,West,PROD-2384,Furniture,Tables,Tables Product 384,475.18,10,0.2,149.88
385,CA-2024-10385,2024-12-25,2024-12-30,Same Day,CUST-1385,Customer 385,Home Office,United States,Los Angeles,California,35292,East,PROD-2385,Office Supplies,Binders,Binders Product 385,1597.36,9,0.2,403.75
386,CA-2024-10386,2024-12-18,2024-12-22,Same Day,CUST-1386,Customer 386,Consumer,United States,New York City,New York,84278,West,PROD-2386,Office Supplies,Binders,Binders Product 386,2436.8,8,0.2,295.75
387,CA-2024-10387,2024-10-05,2024-10-08,Second Class,CUST-1387,Customer 387,Corporate,United States,Buffalo,New York,48754,Central,PROD-2387,Office Supplies,Storage,Storage Product 387,4574.08,9,0.1,-528.59
388,CA-2024-10388,2024-10-04,2024-10-07,First Class,CUST-1388,Customer 388,Home Office,United States,Miami,Florida,41298,Central,PROD-2388,Technology,Copiers,Copiers Product 388,1907.64,3,0.0,304.97
389,CA-2024-10389,2024-02-02,2024-02-08,First Class,CUST-1389,Customer 389,Corporate,United States,Tacoma,Washington,94004,Central,PROD-2389,Furniture,Bookcases,Bookcases Product 389,3422.46,9,0.1,535.68
390,CA-2024-10390,2024-02-26,2024-02-27,Second Class,CUST-1390,Customer 390,Consumer,United States,Seattle,Washington,14170,South,PROD-2390,Furniture,Chairs,Chairs Product 390,909.62,1,0.1,-87.75
391,CA-2024-10391,2024-12-02,2024-12-06,Second Class,CUST-1391,Customer 391,Home Office,United States,Tacoma,Washington,74409,East,PROD-2391,Furniture,Tables,Tables Product 391,1119.2,2,0.0,352.67
392,CA-2024-10392,2024-08-27,2024-09-03,Standard Class,CUST-1392,Customer 392,Home Office,United States,San Diego,California,44840,East,PROD-2392,Technology,Copiers,Copiers Product 392,4692.45,7,0.2,1159.62
393,CA-2024-10393,2024-02-06,2024-02-13,Second Class,CUST-1393,Customer 393,Home Office,United States,New York City,New York,91962,West,PROD-2393,Furniture,Bookcases,Bookcases Product 393,503.65,4,0.3,-27.84
394,CA-2024-10394,2024-10-12,2024-10-18,Same Day,CUST-1394,Customer 394,Consumer,United States,Tacoma,Washington,31864,West,PROD-2394,Technology,Phones,Phones Product 394,3836.09,10,0.2,718.29
395,CA-2024-10395,2024-10-08,2024-10-12,First Class,CUST-1395,Customer 395,Home Office,United States,Tacoma,Washington,52553,Central,PROD-2395,Technology,Phones,Phones Product 395,2678.82,10,0.3,848.54
396,CA-2024-10396,2024-07-30,2024-08-06,First Class,CUST-1396,Customer 396,Corporate,United States,Orlando,Florida,69297,South,PROD-2396,Technology,Phones,Phones Product 396,2824.46,4,0.3,657.69
397,CA-2024-10397,2024-07-22,2024-07-23,Second Class,CUST-1397,Customer 397,Consumer,United States,San Diego,California,51275,East,PROD-2397,Technology,Phones,Phones Product 397,2597.69,5,0.0,0.43
398,CA-2024-10398,2024-12-19,2024-12-26,Second Class,CUST-1398,Customer 398,Consumer,United States,New York City,New York,43586,Central,PROD-2398,Furniture,Chairs,Chairs Product 398,2312.64,3,0.1,-40.48
399,CA-2024-10399,2024-02-17,2024-02-22,Standard Class,CUST-1399,Customer 399,Home Office,United States,Miami,Florida,94181,Central,PROD-2399,Technology,Phones,Phones Product 399,3623.43,8,0.1,341.1
400,CA-2024-10400,2024-01-20,2024-01-26,Same Day,CUST-1400,Customer 400,Corporate,United States,Tacoma,Washington,25799,West,PROD-2400,Furniture,Chairs,Chairs Product 400,4610.92,6,0.2,1336.69
401,CA-2024-10401,2024-11-30,2024-12-07,Second Class,CUST-1401,Customer 401,Corporate,United States,Seattle,Washington,75850,West,PROD-2401,Technology,Copiers,Copiers Product 401,1924.79,5,0.0,18.59
402,CA-2024-10402,2024-03-19,2024-03-20,Same Day,CUST-1402,Customer 402,Consumer,United States,Orlando,Florida,27326,Central,PROD-2402,Technology,Copiers,Copiers Product 402,2533.55,4,0.3,-12.94
403,CA-2024-10403,2024-02-12,2024-02-16,Second Class,CUST-1403,Customer 403,Consumer,United States,Seattle,Washington,73035,West,PROD-2403,Technology,Accessories,Accessories Product 403,1327.54,7,0.3,314.51
404,CA-2024-10404,2024-09-06,2024-09-10,First Class,CUST-1404,Customer 404,Corporate,United States,Seattle,Washington,52390,East,PROD-2404,Technology,Copiers,Copiers Product 404,4985.45,9,0.1,-143.79
405,CA-2024-10405,2024-02-27,2024-03-04,Second Class,CUST-1405,Customer 405,Corporate,United States,Orlando,Florida,90769,South,PROD-2405,Office Supplies,Paper,Paper Product 405,968.64,6,0.0,227.48
406,CA-2024-10406,2024-11-15,2024-11-17,Standard Class,CUST-1406,Customer 406,Consumer,United States,Miami,Florida,91396,West,PROD-2406,Furniture,Chairs,Chairs Product 406,3433.09,3,0.0,-322.07
407,CA-2024-10407,2024-05-27,2024-05-28,Second Class,CUST-1407,Customer 407,Consumer,United States,New York City,New York,81620,Central,PROD-2407,Office Supplies,Paper,Paper Product 407,2366.53,6,0.1,520.65
408,CA-2024-10408,2024-10-07,2024-10-11,Standard Class,CUST-1408,Customer 408,Corporate,United States,Seattle,Washington,36305,Central,PROD-2408,Technology,Copiers,Copiers Product 408,3347.94,7,0.0,-74.56
409,CA-2024-10409,2024-01-28,2024-02-01,Same Day,CUST-1409,Customer 409,Consumer,United States,Los Angeles,California,59899,East,PROD-2409,Office Supplies,Storage,Storage Product 409,1371.13,6,0.0,-192.59
410,CA-2024-10410,2024-06-10,2024-06-14,First Class,CUST-1410,Customer 410,Corporate,United States,Seattle,Washington,74216,South,PROD-2410,Furniture,Chairs,Chairs Product 410,2513.24,8,0.0,-327.03
411,CA-2024-10411,2024-03-21,2024-03-22,First Class,CUST-1411,Customer 411,Corporate,United States,Buffalo,New York,13862,Central,PROD-2411,Office Supplies,Storage,Storage Product 411,1525.58,9,0.2,390.47
412,CA-2024-10412,2024-04-25,2024-04-27,Second Class,CUST-1412,Customer 412,Corporate,United States,Buffalo,New York,50944,Central,PROD-2412,Technology,Phones,Phones Product 412,457.22,7,0.1,26.82
413,CA-2024-10413,2024-08-17,2024-08-22,Second Class,CUST-1413,Customer 413,Corporate,United States,Houston,Texas,29025,West,PROD-2413,Technology,Phones,Phones Product 413,2913.53,4,0.1,13.11
414,CA-2024-10414,2024-06-11,2024-06-12,Same Day,CUST-1414,Customer 414,Corporate,United States,Seattle,Washington,49760,South,PROD-2414,Furniture,Tables,Tables Product 414,4200.82,3,0.0,977.6
415,CA-2024-10415,2024-11-22,2024-11-28,Second Class,CUST-1415,Customer 415,Home Office,United States,New York City,New York,40432,West,PROD-2415,Furniture,Chairs,Chairs Product 415,675.1,1,0.2,103.16
416,CA-2024-10416,2024-12-17,2024-12-18,First Class,CUST-1416,Customer 416,Consumer,United States,New York City,New York,60785,South,PROD-2416,Technology,Accessories,Accessories Product 416,687.75,10,0.3,141.68
417,CA-2024-10417,2024-08-30,2024-09-01,Second Class,CUST-1417,Customer 417,Home Office,United States,Houston,Texas,97993,West,PROD-2417,Furniture,Chairs,Chairs Product 417,2054.77,1,0.2,668.0
418,CA-2024-10418,2024-04-14,2024-04-15,Standard Class,CUST-1418,Customer 418,Home Office,United States,Dallas,Texas,59856,Central,PROD-2418,Technology,Accessories,Accessories Product 418,3445.56,8,0.1,219.75
419,CA-2024-10419,2024-07-20,2024-07-25,Same Day,CUST-1419,Customer 419,Home Office,United States,Seattle,Washington,15144,South,PROD-2419,Technology,Phones,Phones Product 419,2269.02,1,0.1,248.12
420,CA-2024-10420,2024-09-21,2024-09-28,Same Day,CUST-1420,Customer 420,Corporate,United States,Los Angeles,California,90364,East,PROD-2420,Office Supplies,Paper,Paper Product 420,2002.24,5,0.2,161.53
421,CA-2024-10421,2024-12-19,2024-12-24,Second Class,CUST-1421,Customer 421,Corporate,United States,Dallas,Texas,64206,Central,PROD-2421,Technology,Accessories,Accessories Product 421,470.4,9,0.0,-28.28
422,CA-2024-10422,2024-08-18,2024-08-19,Second Class,CUST-1422,Customer 422,Home Office,United States,Dallas,Texas,26193,East,PROD-2422,Technology,Copiers,Copiers Product 422,4481.06,8,0.0,-111.84
423,CA-2024-10423,2024-02-28,2024-03-05,Same Day,CUST-1423,Customer 423,Consumer,United States,Orlando,Florida,32398,Central,PROD-2423,Furniture,Bookcases,Bookcases Product 423,3542.25,9,0.1,139.35
424,CA-2024-10424,2024-10-16,2024-10-23,Same Day,CUST-1424,Customer 424,Corporate,United States,Houston,Texas,92110,West,PROD-2424,Furniture,Chairs,Chairs Product 424,3850.4,1,0.3,15.52
425,CA-2024-10425,2024-03-01,2024-03-03,Standard Class,CUST-1425,Customer 425,Home Office,United States,Houston,Texas,74679,West,PROD-2425,Technology,Accessories,Accessories Product 425,80.79,8,0.3,9.84
426,CA-2024-10426,2024-04-21,2024-04-26,First Class,CUST-1426,Customer 426,Home Office,United States,Orlando,Florida,92396,West,PROD-2426,Office Supplies,Paper,Paper Product 426,415.44,10,0.0,-11.48
427,CA-2024-10427,2024-01-26,2024-01-28,Standard Class,CUST-1427,Customer 427,Consumer,United States,Houston,Texas,24272,South,PROD-2427,Technology,Accessories,Accessories Product 427,202.87,1,0.2,3.16
428,CA-2024-10428,2024-04-01,2024-04-03,First Class,CUST-1428,Customer 428,Corporate,United States,New York City,New York,59668,East,PROD-2428,Office Supplies,Storage,Storage Product 428,2903.25,1,0.0,680.1
429,CA-2024-10429,2024-08-06,2024-08-13,Second Class,CUST-1429,Customer 429,Home Office,United States,Seattle,Washington,37400,East,PROD-2429,Office Supplies,Paper,Paper Product 429,690.04,5,0.2,78.34
430,CA-2024-10430,2024-02-25,2024-03-01,First Class,CUST-1430,Customer 430,Corporate,United States,Seattle,Washington,78864,Central,PROD-2430,Office Supplies,Storage,Storage Product 430,3449.5,5,0.3,532.68
431,CA-2024-10431,2024-03-07,2024-03-12,Second Class,CUST-1431,Customer 431,Home Office,United States,Tacoma,Washington,48074,West,PROD-2431,Technology,Copiers,Copiers Product 431,3166.65,8,0.1,924.13
432,CA-2024-10432,2024-01-01,2024-01-02,First Class,CUST-1432,Customer 432,Corporate,United States,San Diego,California,83454,West,PROD-2432,Technology,Phones,Phones Product 432,3692.59,4,0.3,210.55
433,CA-2024-10433,2024-01-06,2024-01-12,Standard Class,CUST-1433,Customer 433,Home Office,United States,Dallas,Texas,53684,Central,PROD-2433,Office Supplies,Binders,Binders Product 433,1552.71,9,0.2,362.58
434,CA-2024-10434,2024-07-21,2024-07-27,Standard Class,CUST-1434,Customer 434,Home Office,United States,Seattle,Washington,27793,South,PROD-2434,Furniture,Chairs,Chairs Product 434,1665.96,6,0.3,513.25
435,CA-2024-10435,2024-03-20,2024-03-26,First Class,CUST-1435,Customer 435,Home Office,United States,Orlando,Florida,80239,East,PROD-2435,Office Supplies,Paper,Paper Product 435,4640.39,1,0.2,614.72
436,CA-2024-10436,2024-04-16,2024-04-21,Second Class,CUST-1436,Customer 436,Home Office,United States,Buffalo,New York,89388,South,PROD-2436,Furniture,Chairs,Chairs Product 436,1416.69,1,0.2,484.24
437,CA-2024-10437,2024-04-05,2024-04-10,Second Class,CUST-1437,Customer 437,Corporate,United States,San Diego,California,69232,Central,PROD-2437,Technology,Accessories,Accessories Product 437,3555.0,5,0.3,-378.97
438,CA-2024-10438,2024-04-20,2024-04-25,Standard Class,CUST-1438,Customer 438,Corporate,United States,New York City,New York,75543,West,PROD-2438,Furniture,Tables,Tables Product 438,3929.02,4,0.0,282.45
439,CA-2024-10439,2024-04-07,2024-04-10,Standard Class,CUST-1439,Customer 439,Corporate,United States,Orlando,Florida,60801,East,PROD-2439,Office Supplies,Binders,Binders Product 439,3852.02,2,0.1,-182.61
440,CA-2024-10440,2024-01-03,2024-01-06,First Class,CUST-1440,Customer 440,Home Office,United States,Los Angeles,California,37504,Central,PROD-2440,Office Supplies,Paper,Paper Product 440,4448.15,2,0.2,-617.22
441,CA-2024-10441,2024-04-12,2024-04-14,First Class,CUST-1441,Customer 441,Consumer,United States,Buffalo,New York,11999,East,PROD-2441,Technology,Accessories,Accessories Product 441,3868.48,2,0.2,-291.45
442,CA-2024-10442,2024-04-15,2024-04-20,First Class,CUST-1442,Customer 442,Home Office,United States,Buffalo,New York,54399,South,PROD-2442,Office Supplies,Binders,Binders Product 442,4717.52,5,0.1,-303.63
443,CA-2024-10443,2024-01-26,2024-01-28,Second Class,CUST-1443,Customer 443,Home Office,United States,San Diego,California,88134,South,PROD-2443,Technology,Phones,Phones Product 443,547.52,1,0.0,34.62
444,CA-2024-10444,2024-11-11,2024-11-14,Same Day,CUST-1444,Customer 444,Home Office,United States,Buffalo,New York,27274,East,PROD-2444,Furniture,Bookcases,Bookcases Product 444,3796.84,9,0.0,1278.93
445,CA-2024-10445,2024-12-23,2024-12-27,Second Class,CUST-1445,Customer 445,Consumer,United States,San Diego,California,90863,Central,PROD-2445,Office Supplies,Storage,Storage Product 445,3229.2,8,0.3,-110.29
446,CA-2024-10446,2024-07-05,2024-07-09,Same Day,CUST-1446,Customer 446,Corporate,United States,Dallas,Texas,32387,Central,PROD-2446,Office Supplies,Paper,Paper Product 446,2447.78,2,0.3,-229.01
447,CA-2024-10447,2024-06-27,2024-07-02,Standard Class,CUST-1447,Customer 447,Corporate,United States,Seattle,Washington,79828,South,PROD-2447,Technology,Phones,Phones Product 447,2040.32,2,0.2,261.31
448,CA-2024-10448,2024-07-24,2024-07-29,Second Class,CUST-1448,Customer 448,Home Office,United States,Miami,Florida,87459,South,PROD-2448,Technology,Phones,Phones Product 448,2748.79,8,0.3,-321.53
449,CA-2024-10449,2024-08-10,2024-08-15,Same Day,CUST-1449,Customer 449,Corporate,United States,New York City,New York,82756,East,PROD-2449,Furniture,Bookcases,Bookcases Product 449,3354.63,10,0.3,-311.44
450,CA-2024-10450,2024-08-15,2024-08-17,Standard Class,CUST-1450,Customer 450,Consumer,United States,Buffalo,New York,38522,West,PROD-2450,Furniture,Bookcases,Bookcases Product 450,561.55,10,0.3,7.7
451,CA-2024-10451,2024-10-24,2024-10-31,Same Day,CUST-1451,Customer 451,Consumer,United States,Los Angeles,California,36956,Central,PROD-2451,Technology,Phones,Phones Product 451,2275.81,5,0.3,359.09
452,CA-2024-10452,2024-06-02,2024-06-07,Same Day,CUST-1452,Customer 452,Consumer,United States,Buffalo,New York,48559,East,PROD-2452,Technology,Accessories,Accessories Product 452,4951.64,10,0.0,771.2
453,CA-2024-10453,2024-07-08,2024-07-13,Standard Class,CUST-1453,Customer 453,Consumer,United States,Los Angeles,California,66585,South,PROD-2453,Technology,Copiers,Copiers Product 453,4107.35,6,0.0,1152.62
454,CA-2024-10454,2024-11-16,2024-11-19,Same Day,CUST-1454,Customer 454,Corporate,United States,Orlando,Florida,64687,West,PROD-2454,Office Supplies,Paper,Paper Product 454,2734.69,3,0.3,-220.05
455,CA-2024-10455,2024-05-27,2024-06-03,Second Class,CUST-1455,Customer 455,Consumer,United States,Houston,Texas,27985,South,PROD-2455,Furniture,Chairs,Chairs Product 455,3248.98,3,0.3,581.45
456,CA-2024-10456,2024-08-21,2024-08-28,Second Class,CUST-1456,Customer 456,Consumer,United States,Tacoma,Washington,65675,East,PROD-2456,Technology,Phones,Phones Product 456,2282.88,7,0.3,96.7
457,CA-2024-10457,2024-10-22,2024-10-26,First Class,CUST-1457,Customer 457,Consumer,United States,Dallas,Texas,86056,South,PROD-2457,Office Supplies,Storage,Storage Product 457,2890.23,1,0.0,387.51
458,CA-2024-10458,2024-12-19,2024-12-20,Standard Class,CUST-1458,Customer 458,Home Office,United States,Dallas,Texas,93058,Central,PROD-2458,Office Supplies,Storage,Storage Product 458,409.61,10,0.0,-11.22
459,CA-2024-10459,2024-11-09,2024-11-10,First Class,CUST-1459,Customer 459,Corporate,United States,New York City,New York,31955,East,PROD-2459,Office Supplies,Paper,Paper Product 459,2573.06,8,0.2,155.69
460,CA-2024-10460,2024-12-21,2024-12-26,First Class,CUST-1460,Customer 460,Home Office,United States,Buffalo,New York,91830,East,PROD-2460,Furniture,Bookcases,Bookcases Product 460,2376.34,3,0.0,423.37
461,CA-2024-10461,2024-05-26,2024-05-30,First Class,CUST-1461,Customer 461,Corporate,United States,Los Angeles,California,43679,East,PROD-2461,Technology,Phones,Phones Product 461,4260.2,5,0.2,-356.71
462,CA-2024-10462,2024-02-27,2024-03-03,Second Class,CUST-1462,Customer 462,Corporate,United States,Houston,Texas,33699,East,PROD-2462,Technology,Accessories,Accessories Product 462,1861.44,3,0.2,449.1
463,CA-2024-10463,2024-06-24,2024-06-25,Second Class,CUST-1463,Customer 463,Consumer,United States,Houston,Texas,85727,Central,PROD-2463,Office Supplies,Paper,Paper Product 463,3856.43,4,0.3,821.42
464,CA-2024-10464,2024-01-28,2024-02-03,Second Class,CUST-1464,Customer 464,Corporate,United States,New York City,New York,99589,South,PROD-2464,Furniture,Chairs,Chairs Product 464,2330.79,8,0.2,205.42
465,CA-2024-10465,2024-08-30,2024-09-02,Standard Class,CUST-1465,Customer 465,Consumer,United States,Dallas,Texas,79637,Central,PROD-2465,Furniture,Tables,Tables Product 465,4637.57,8,0.3,877.64
466,CA-2024-10466,2024-08-09,2024-08-14,Second Class,CUST-1466,Customer 466,Home Office,United States,Buffalo,New York,98065,West,PROD-2466,Office Supplies,Paper,Paper Product 466,4015.54,5,0.3,323.47
467,CA-2024-10467,2024-09-23,2024-09-26,Standard Class,CUST-1467,Customer 467,Home Office,United States,Dallas,Texas,68450,Central,PROD-2467,Technology,Phones,Phones Product 467,3370.55,2,0.0,187.48
468,CA-2024-10468,2024-04-22,2024-04-28,Second Class,CUST-1468,Customer 468,Home Office,United States,Buffalo,New York,93634,East,PROD-2468,Furniture,Chairs,Chairs Product 468,138.03,2,0.0,44.07
469,CA-2024-10469,2024-12-28,2024-12-29,Second Class,CUST-1469,Customer 469,Corporate,United States,Los Angeles,California,48609,South,PROD-2469,Office Supplies,Storage,Storage Product 469,3824.01,10,0.1,1139.56
470,CA-2024-10470,2024-12-04,2024-12-05,Standard Class,CUST-1470,Customer 470,Corporate,United States,Orlando,Florida,18177,South,PROD-2470,Office Supplies,Storage,Storage Product 470,4518.89,6,0.2,-311.88
471,CA-2024-10471,2024-07-17,2024-07-20,Second Class,CUST-1471,Customer 471,Home Office,United States,San Diego,California,74494,East,PROD-2471,Office Supplies,Binders,Binders Product 471,2214.06,8,0.1,343.51
472,CA-2024-10472,2024-03-14,2024-03-19,Standard Class,CUST-1472,Customer 472,Consumer,United States,Miami,Florida,84887,Central,PROD-2472,Technology,Copiers,Copiers Product 472,549.12,8,0.2,-54.01
473,CA-2024-10473,2024-08-16,2024-08-17,First Class,CUST-1473,Customer 473,Corporate,United States,Miami,Florida,85319,East,PROD-2473,Technology,Copiers,Copiers Product 473,24.32,1,0.3,-0.41
474,CA-2024-10474,2024-09-20,2024-09-26,Same Day,CUST-1474,Customer 474,Consumer,United States,Orlando,Florida,84349,Central,PROD-2474,Office Supplies,Paper,Paper Product 474,4223.36,2,0.1,-626.52
475,CA-2024-10475,2024-06-19,2024-06-25,First Class,CUST-1475,Customer 475,Consumer,United States,Buffalo,New York,70245,Central,PROD-2475,Furniture,Bookcases,Bookcases Product 475,4985.14,2,0.2,584.82
476,CA-2024-10476,2024-11-27,2024-11-29,First Class,CUST-1476,Customer 476,Corporate,United States,Houston,Texas,21123,South,PROD-2476,Office Supplies,Storage,Storage Product 476,971.2,7,0.0,160.55
477,CA-2024-10477,2024-04-07,2024-04-09,First Class,CUST-1477,Customer 477,Corporate,United States,Los Angeles,California,79984,South,PROD-2477,Furniture,Bookcases,Bookcases Product 477,4981.99,4,0.3,221.12
478,CA-2024-10478,2024-01-09,2024-01-10,Same Day,CUST-1478,Customer 478,Home Office,United States,New York City,New York,80328,West,PROD-2478,Office Supplies,Storage,Storage Product 478,233.22,2,0.1,59.13
479,CA-2024-10479,2024-10-23,2024-10-25,Standard Class,CUST-1479,Customer 479,Consumer,United States,Los Angeles,California,95037,West,PROD-2479,Technology,Phones,Phones Product 479,2454.7,1,0.3,745.22
480,CA-2024-10480,2024-01-08,2024-01-10,Standard Class,CUST-1480,Customer 480,Consumer,United States,San Diego,California,75161,West,PROD-2480,Furniture,Tables,Tables Product 480,3063.9,10,0.0,793.24
481,CA-2024-10481,2024-02-02,2024-02-09,Second Class,CUST-1481,Customer 481,Corporate,United States,Dallas,Texas,37948,East,PROD-2481,Office Supplies,Storage,Storage Product 481,3398.42,6,0.0,1148.42
482,CA-2024-10482,2024-10-30,2024-11-01,Second Class,CUST-1482,Customer 482,Corporate,United States,New York City,New York,41934,East,PROD-2482,Furniture,Tables,Tables Product 482,723.36,7,0.1,143.33
483,CA-2024-10483,2024-03-09,2024-03-10,Standard Class,CUST-1483,Customer 483,Home Office,United States,Tacoma,Washington,95426,Central,PROD-2483,Furniture,Chairs,Chairs Product 483,4400.54,2,0.0,-644.19
484,CA-2024-10484,2024-08-01,2024-08-07,Second Class,CUST-1484,Customer 484,Home Office,United States,Miami,Florida,14931,West,PROD-2484,Furniture,Chairs,Chairs Product 484,3206.33,9,0.3,179.6
485,CA-2024-10485,2024-09-12,2024-09-17,Standard Class,CUST-1485,Customer 485,Home Office,United States,San Diego,California,57435,West,PROD-2485,Office Supplies,Paper,Paper Product 485,42.76,4,0.1,-3.9
486,CA-2024-10486,2024-08-25,2024-09-01,Second Class,CUST-1486,Customer 486,Home Office,United States,Dallas,Texas,15651,East,PROD-2486,Furniture,Chairs,Chairs Product 486,581.14,3,0.3,57.39
487,CA-2024-10487,2024-11-26,2024-11-29,Standard Class,CUST-1487,Customer 487,Home Office,United States,New York City,New York,33053,West,PROD-2487,Office Supplies,Paper,Paper Product 487,1684.79,8,0.0,-164.75
488,CA-2024-10488,2024-01-15,2024-01-19,First Class,CUST-1488,Customer 488,Consumer,United States,Seattle,Washington,24435,Central,PROD-2488,Furniture,Chairs,Chairs Product 488,3612.59,10,0.2,215.07
489,CA-2024-10489,2024-04-26,2024-04-27,Standard Class,CUST-1489,Customer 489,Corporate,United States,Dallas,Texas,28997,West,PROD-2489,Furniture,Tables,Tables Product 489,4459.0,2,0.3,635.61
490,CA-2024-10490,2024-11-08,2024-11-12,Second Class,CUST-1490,Customer 490,Corporate,United States,Dallas,Texas,26673,East,PROD-2490,Office Supplies,Binders,Binders Product 490,2299.55,4,0.2,776.74
491,CA-2024-10491,2024-12-20,2024-12-25,First Class,CUST-1491,Customer 491,Consumer,United States,San Diego,California,48687,West,PROD-2491,Furniture,Chairs,Chairs Product 491,4261.22,8,0.3,-274.42
492,CA-2024-10492,2024-11-22,2024-11-27,Same Day,CUST-1492,Customer 492,Corporate,United States,Houston,Texas,11901,South,PROD-2492,Furniture,Tables,Tables Product 492,4287.73,8,0.1,625.11
493,CA-2024-10493,2024-05-06,2024-05-08,Standard Class,CUST-1493,Customer 493,Corporate,United States,Buffalo,New York,15796,East,PROD-2493,Technology,Phones,Phones Product 493,4461.28,10,0.1,1369.07
494,CA-2024-10494,2024-08-28,2024-09-03,Standard Class,CUST-1494,Customer 494,Home Office,United States,Seattle,Washington,11628,South,PROD-2494,Office Supplies,Storage,Storage Product 494,1983.71,2,0.3,193.69
495,CA-2024-10495,2024-04-21,2024-04-23,Second Class,CUST-1495,Customer 495,Home Office,United States,Buffalo,New York,70199,East,PROD-2495,Furniture,Bookcases,Bookcases Product 495,4994.78,1,0.3,921.63
496,CA-2024-10496,2024-08-20,2024-08-24,First Class,CUST-1496,Customer 496,Home Office,United States,Dallas,Texas,14287,Central,PROD-2496,Furniture,Tables,Tables Product 496,3141.52,1,0.0,133.32
497,CA-2024-10497,2024-08-06,2024-08-13,First Class,CUST-1497,Customer 497,Consumer,United States,New York City,New York,24544,South,PROD-2497,Technology,Phones,Phones Product 497,3109.87,6,0.0,333.9
498,CA-2024-10498,2024-07-06,2024-07-10,Second Class,CUST-1498,Customer 498,Consumer,United States,Seattle,Washington,53899,West,PROD-2498,Office Supplies,Paper,Paper Product 498,892.83,9,0.0,116.41
499,CA-2024-10499,2024-10-03,2024-10-04,Standard Class,CUST-1499,Customer 499,Corporate,United States,Miami,Florida,55249,South,PROD-2499,Technology,Phones,Phones Product 499,1615.91,5,0.3,-18.47
500,CA-2024-10500,2024-09-05,2024-09-10,First Class,CUST-1500,Customer 500,Home Office,United States,Seattle,Washington,18601,West,PROD-2500,Office Supplies,Storage,Storage Product 500,2668.88,9,0.2,202.81
501,CA-2024-10501,2024-08-22,2024-08-23,Standard Class,CUST-1501,Customer 501,Home Office,United States,San Diego,California,29392,South,PROD-2501,Furniture,Tables,Tables Product 501,4792.12,2,0.0,-324.03
502,CA-2024-10502,2024-03-18,2024-03-25,Same Day,CUST-1502,Customer 502,Corporate,United States,Houston,Texas,94500,East,PROD-2502,Office Supplies,Paper,Paper Product 502,4848.48,9,0.1,421.59
503,CA-2024-10503,2024-05-29,2024-05-31,First Class,CUST-1503,Customer 503,Corporate,United States,Los Angeles,California,87772,South,PROD-2503,Furniture,Bookcases,Bookcases Product 503,3230.47,7,0.2,574.64
504,CA-2024-10504,2024-08-22,2024-08-25,First Class,CUST-1504,Customer 504,Consumer,United States,Seattle,Washington,29443,Central,PROD-2504,Office Supplies,Binders,Binders Product 504,3950.55,4,0.3,142.03
505,CA-2024-10505,2024-05-25,2024-05-29,Standard Class,CUST-1505,Customer 505,Consumer,United States,Houston,Texas,51500,West,PROD-2505,Technology,Copiers,Copiers Product 505,1440.53,3,0.1,-99.93
506,CA-2024-10506,2024-08-13,2024-08-16,Same Day,CUST-1506,Customer 506,Home Office,United States,New York City,New York,31311,Central,PROD-2506,Furniture,Bookcases,Bookcases Product 506,3541.53,6,0.2,-269.26
507,CA-2024-10507,2024-03-03,2024-03-04,First Class,CUST-1507,Customer 507,Home Office,United States,Orlando,Florida,48739,South,PROD-2507,Furniture,Tables,Tables Product 507,4640.5,3,0.0,1554.92
508,CA-2024-10508,2024-05-28,2024-06-04,Same Day,CUST-1508,Customer 508,Consumer,United States,Seattle,Washington,28274,East,PROD-2508,Technology,Copiers,Copiers Product 508,4536.27,8,0.2,882.64
509,CA-2024-10509,2024-06-06,2024-06-07,Second Class,CUST-1509,Customer 509,Corporate,United States,Miami,Florida,35652,East,PROD-2509,Office Supplies,Paper,Paper Product 509,480.56,1,0.1,68.1
510,CA-2024-10510,2024-02-12,2024-02-17,First Class,CUST-1510,Customer 510,Corporate,United States,Miami,Florida,29391,South,PROD-2510,Technology,Accessories,Accessories Product 510,988.36,6,0.0,300.68
511,CA-2024-10511,2024-07-08,2024-07-12,Same Day,CUST-1511,Customer 511,Home Office,United States,New York City,New York,64474,South,PROD-2511,Office Supplies,Paper,Paper Product 511,1769.75,8,0.0,-74.6
512,CA-2024-10512,2024-05-27,2024-05-29,First Class,CUST-1512,Customer 512,Consumer,United States,Orlando,Florida,87421,South,PROD-2512,Furniture,Bookcases,Bookcases Product 512,2997.72,3,0.1,4.84
513,CA-2024-10513,2024-02-15,2024-02-16,Same Day,CUST-1513,Customer 513,Corporate,United States,Orlando,Florida,82596,South,PROD-2513,Office Supplies,Binders,Binders Product 513,2787.95,10,0.1,-140.43
514,CA-2024-10514,2024-01-22,2024-01-29,Second Class,CUST-1514,Customer 514,Corporate,United States,Buffalo,New York,49343,South,PROD-2514,Office Supplies,Storage,Storage Product 514,3704.48,4,0.0,909.86
515,CA-2024-10515,2024-03-04,2024-03-10,First Class,CUST-1515,Customer 515,Corporate,United States,Buffalo,New York,18745,Central,PROD-2515,Furniture,Tables,Tables Product 515,4535.83,4,0.0,-409.69
516,CA-2024-10516,2024-10-24,2024-10-28,Standard Class,CUST-1516,Customer 516,Corporate,United States,Tacoma,Washington,31344,East,PROD-2516,Office Supplies,Storage,Storage Product 516,3435.85,2,0.2,365.1
517,CA-2024-10517,2024-03-15,2024-03-18,First Class,CUST-1517,Customer 517,Consumer,United States,Miami,Florida,47992,Central,PROD-2517,Office Supplies,Binders,Binders Product 517,283.38,6,0.3,47.64
518,CA-2024-10518,2024-09-28,2024-10-04,First Class,CUST-1518,Customer 518,Home Office,United States,Los Angeles,California,49462,Central,PROD-2518,Technology,Phones,Phones Product 518,3828.15,10,0.1,466.48
519,CA-2024-10519,2024-12-16,2024-12-22,First Class,CUST-1519,Customer 519,Corporate,United States,New York City,New York,73556,South,PROD-2519,Technology,Copiers,Copiers Product 519,1771.11,3,0.0,-144.39
520,CA-2024-10520,2024-06-23,2024-06-25,Standard Class,CUST-1520,Customer 520,Consumer,United States,Los Angeles,California,27200,East,PROD-2520,Furniture,Bookcases,Bookcases Product 520,1121.15,4,0.0,65.78
521,CA-2024-10521,2024-09-02,2024-09-05,First Class,CUST-1521,Customer 521,Consumer,United States,Buffalo,New York,25544,West,PROD-2521,Furniture,Tables,Tables Product 521,4450.84,10,0.2,-284.39
522,CA-2024-10522,2024-03-06,2024-03-13,Standard Class,CUST-1522,Customer 522,Consumer,United States,Houston,Texas,12464,South,PROD-2522,Office Supplies,Binders,Binders Product 522,1065.01,2,0.3,208.11
523,CA-2024-10523,2024-08-08,2024-08-09,First Class,CUST-1523,Customer 523,Consumer,United States,Houston,Texas,18683,Central,PROD-2523,Furniture,Bookcases,Bookcases Product 523,2577.13,1,0.3,-233.33
524,CA-2024-10524,2024-12-07,2024-12-08,Standard Class,CUST-1524,Customer 524,Consumer,United States,Los Angeles,California,29078,Central,PROD-2524,Technology,Phones,Phones Product 524,2946.26,4,0.1,545.94
525,CA-2024-10525,2024-10-23,2024-10-26,Standard Class,CUST-1525,Customer 525,Home Office,United States,New York City,New York,38442,West,PROD-2525,Technology,Copiers,Copiers Product 525,3072.52,9,0.0,-308.63
526,CA-2024-10526,2024-05-24,2024-05-26,Second Class,CUST-1526,Customer 526,Corporate,United States,Seattle,Washington,98280,East,PROD-2526,Technology,Phones,Phones Product 526,4622.68,9,0.3,153.62
527,CA-2024-10527,2024-04-02,2024-04-09,First Class,CUST-1527,Customer 527,Consumer,United States,Buffalo,New York,71066,East,PROD-2527,Office Supplies,Binders,Binders Product 527,2580.97,7,0.0,595.44
528,CA-2024-10528,2024-09-23,2024-09-25,Standard Class,CUST-1528,Customer 528,Corporate,United States,Orlando,Florida,47173,South,PROD-2528,Technology,Accessories,Accessories Product 528,2794.52,1,0.0,39.28
529,CA-2024-10529,2024-11-03,2024-11-09,Same Day,CUST-1529,Customer 529,Home Office,United States,Buffalo,New York,58161,West,PROD-2529,Furniture,Bookcases,Bookcases Product 529,2048.27,7,0.1,570.21
530,CA-2024-10530,2024-01-07,2024-01-13,Same Day,CUST-1530,Customer 530,Home Office,United States,Miami,Florida,87405,East,PROD-2530,Office Supplies,Paper,Paper Product 530,2622.86,2,0.0,-205.41
531,CA-2024-10531,2024-03-27,2024-03-28,Same Day,CUST-1531,Customer 531,Home Office,United States,New York City,New York,75419,Central,PROD-2531,Office Supplies,Binders,Binders Product 531,2982.9,7,0.0,-100.12
532,CA-2024-10532,2024-12-31,2025-01-07,First Class,CUST-1532,Customer 532,Consumer,United States,Tacoma,Washington,69589,East,PROD-2532,Technology,Accessories,Accessories Product 532,1793.36,10,0.3,616.49
533,CA-2024-10533,2024-03-03,2024-03-06,Standard Class,CUST-1533,Customer 533,Corporate,United States,Orlando,Florida,98880,East,PROD-2533,Furniture,Bookcases,Bookcases Product 533,4713.17,1,0.0,1031.71
534,CA-2024-10534,2024-04-01,2024-04-05,Same Day,CUST-1534,Customer 534,Corporate,United States,Tacoma,Washington,36467,Central,PROD-2534,Furniture,Tables,Tables Product 534,3117.39,2,0.0,562.81
535,CA-2024-10535,2024-12-04,2024-12-08,Standard Class,CUST-1535,Customer 535,Corporate,United States,Orlando,Florida,25615,South,PROD-2535,Technology,Accessories,Accessories Product 535,4051.22,9,0.0,1321.87
536,CA-2024-10536,2024-08-18,2024-08-21,Second Class,CUST-1536,Customer 536,Corporate,United States,Orlando,Florida,66450,West,PROD-2536,Office Supplies,Binders,Binders Product 536,183.64,9,0.2,53.69
537,CA-2024-10537,2024-06-08,2024-06-14,Second Class,CUST-1537,Customer 537,Home Office,United States,Orlando,Florida,17305,South,PROD-2537,Furniture,Bookcases,Bookcases Product 537,3381.62,9,0.3,297.43
538,CA-2024-10538,2024-05-14,2024-05-18,Standard Class,CUST-1538,Customer 538,Consumer,United States,Tacoma,Washington,58026,Central,PROD-2538,Technology,Copiers,Copiers Product 538,1776.76,5,0.2,-211.95
539,CA-2024-10539,2024-10-25,2024-10-26,Second Class,CUST-1539,Customer 539,Consumer,United States,Buffalo,New York,40752,Central,PROD-2539,Furniture,Tables,Tables Product 539,1738.81,6,0.3,44.57
540,CA-2024-10540,2024-10-30,2024-10-31,Same Day,CUST-1540,Customer 540,Home Office,United States,San Diego,California,77470,South,PROD-2540,Furniture,Tables,Tables Product 540,865.5,9,0.2,-113.65
541,CA-2024-10541,2024-05-16,2024-05-17,Standard Class,CUST-1541,Customer 541,Home Office,United States,Miami,Florida,98488,West,PROD-2541,Office Supplies,Paper,Paper Product 541,2860.36,6,0.0,727.0
542,CA-2024-10542,2024-06-21,2024-06-25,Standard Class,CUST-1542,Customer 542,Home Office,United States,Tacoma,Washington,38059,Central,PROD-2542,Furniture,Bookcases,Bookcases Product 542,1511.61,7,0.1,148.86
543,CA-2024-10543,2024-05-15,2024-05-16,First Class,CUST-1543,Customer 543,Consumer,United States,Buffalo,New York,84242,South,PROD-2543,Furniture,Bookcases,Bookcases Product 543,3719.58,2,0.0,542.81
544,CA-2024-10544,2024-08-06,2024-08-08,First Class,CUST-1544,Customer 544,Consumer,United States,New York City,New York,64304,South,PROD-2544,Technology,Accessories,Accessories Product 544,2533.1,5,0.3,460.34
545,CA-2024-10545,2024-05-08,2024-05-13,Second Class,CUST-1545,Customer 545,Home Office,United States,Tacoma,Washington,71249,Central,PROD-2545,Technology,Copiers,Copiers Product 545,919.39,1,0.1,127.26
546,CA-2024-10546,2024-11-22,2024-11-27,Second Class,CUST-1546,Customer 546,Consumer,United States,Tacoma,Washington,29722,Central,PROD-2546,Technology,Copiers,Copiers Product 546,3141.26,9,0.1,100.95
547,CA-2024-10547,2024-08-10,2024-08-14,First Class,CUST-1547,Customer 547,Home Office,United States,New York City,New York,88804,West,PROD-2547,Technology,Phones,Phones Product 547,4232.92,5,0.2,732.39
548,CA-2024-10548,2024-07-26,2024-07-28,Same Day,CUST-1548,Customer 548,Corporate,United States,Los Angeles,California,94793,East,PROD-2548,Furniture,Chairs,Chairs Product 548,1243.02,5,0.3,115.22
549,CA-2024-10549,2024-04-13,2024-04-15,Standard Class,CUST-1549,Customer 549,Home Office,United States,New York City,New York,73680,East,PROD-2549,Furniture,Tables,Tables Product 549,3952.56,5,0.1,680.42
550,CA-2024-10550,2024-01-29,2024-02-05,Standard Class,CUST-1550,Customer 550,Corporate,United States,San Diego,California,28423,West,PROD-2550,Technology,Accessories,Accessories Product 550,4338.52,7,0.2,806.25
551,CA-2024-10551,2024-02-27,2024-03-03,Standard Class,CUST-1551,Customer 551,Consumer,United States,Seattle,Washington,88619,East,PROD-2551,Technology,Copiers,Copiers Product 551,4148.33,9,0.2,407.47
552,CA-2024-10552,2024-06-09,2024-06-12,Second Class,CUST-1552,Customer 552,Consumer,United States,Tacoma,Washington,45985,South,PROD-2552,Technology,Copiers,Copiers Product 552,1194.97,7,0.1,-93.04
553,CA-2024-10553,2024-07-28,2024-07-31,Same Day,CUST-1553,Customer 553,Home Office,United States,Seattle,Washington,42289,Central,PROD-2553,Office Supplies,Storage,Storage Product 553,1886.03,2,0.2,231.74
554,CA-2024-10554,2024-03-15,2024-03-18,Standard Class,CUST-1554,Customer 554,Home Office,United States,Orlando,Florida,98027,West,PROD-2554,Office Supplies,Binders,Binders Product 554,3234.08,10,0.0,875.58
555,CA-2024-10555,2024-05-09,2024-05-14,Same Day,CUST-1555,Customer 555,Consumer,United States,Orlando,Florida,61508,Central,PROD-2555,Technology,Copiers,Copiers Product 555,1827.02,2,0.1,509.42
556,CA-2024-10556,2024-06-03,2024-06-04,First Class,CUST-1556,Customer 556,Consumer,United States,Dallas,Texas,74447,South,PROD-2556,Furniture,Chairs,Chairs Product 556,4581.14,6,0.3,1120.82
557,CA-2024-10557,2024-07-30,2024-08-06,First Class,CUST-1557,Customer 557,Corporate,United States,Buffalo,New York,13584,East,PROD-2557,Furniture,Chairs,Chairs Product 557,3498.44,9,0.0,90.71
558,CA-2024-10558,2024-11-24,2024-11-30,Standard Class,CUST-1558,Customer 558,Consumer,United States,Dallas,Texas,30686,West,PROD-2558,Technology,Phones,Phones Product 558,35.32,4,0.2,0.24
559,CA-2024-10559,2024-09-21,2024-09-27,First Class,CUST-1559,Customer 559,Corporate,United States,Dallas,Texas,36039,East,PROD-2559,Office Supplies,Paper,Paper Product 559,2402.26,3,0.2,-151.97
560,CA-2024-10560,2024-07-31,2024-08-03,Same Day,CUST-1560,Customer 560,Consumer,United States,Dallas,Texas,44312,West,PROD-2560,Office Supplies,Storage,Storage Product 560,1137.95,1,0.1,345.28
561,CA-2024-10561,2024-01-26,2024-01-30,Standard Class,CUST-1561,Customer 561,Consumer,United States,Tacoma,Washington,78922,South,PROD-2561,Technology,Accessories,Accessories Product 561,763.27,6,0.1,247.01
562,CA-2024-10562,2024-08-20,2024-08-27,Same Day,CUST-1562,Customer 562,Consumer,United States,Miami,Florida,66532,West,PROD-2562,Furniture,Bookcases,Bookcases Product 562,1031.66,5,0.2,230.29
563,CA-2024-10563,2024-11-03,2024-11-05,First Class,CUST-1563,Customer 563,Consumer,United States,New York City,New York,90960,South,PROD-2563,Office Supplies,Binders,Binders Product 563,2054.45,3,0.0,-10.07
564,CA-2024-10564,2024-05-07,2024-05-10,Same Day,CUST-1564,Customer 564,Home Office,United States,Tacoma,Washington,65481,Central,PROD-2564,Furniture,Chairs,Chairs Product 564,2355.03,6,0.3,455.52
565,CA-2024-10565,2024-02-07,2024-02-08,Standard Class,CUST-1565,Customer 565,Consumer,United States,Seattle,Washington,43247,South,PROD-2565,Furniture,Tables,Tables Product 565,4656.7,8,0.2,1622.25
566,CA-2024-10566,2024-06-03,2024-06-07,First Class,CUST-1566,Customer 566,Corporate,United States,New York City,New York,27290,East,PROD-2566,Technology,Phones,Phones Product 566,2910.82,5,0.1,296.54
567,CA-2024-10567,2024-06-11,2024-06-17,First Class,CUST-1567,Customer 567,Home Office,United States,Tacoma,Washington,57263,South,PROD-2567,Furniture,Tables,Tables Product 567,601.87,1,0.1,59.95
568,CA-2024-10568,2024-05-24,2024-05-27,Same Day,CUST-1568,Customer 568,Consumer,United States,Tacoma,Washington,82833,South,PROD-2568,Technology,Accessories,Accessories Product 568,2190.16,3,0.2,478.41
569,CA-2024-10569,2024-01-28,2024-01-30,Same Day,CUST-1569,Customer 569,Consumer,United States,Houston,Texas,74868,East,PROD-2569,Furniture,Chairs,Chairs Product 569,198.59,5,0.1,40.31
570,CA-2024-10570,2024-08-14,2024-08-17,Second Class,CUST-1570,Customer 570,Corporate,United States,Tacoma,Washington,33678,West,PROD-2570,Office Supplies,Paper,Paper Product 570,580.2,3,0.0,14.39
571,CA-2024-10571,2024-09-17,2024-09-24,Standard Class,CUST-1571,Customer 571,Consumer,United States,New York City,New York,75288,East,PROD-2571,Technology,Phones,Phones Product 571,2639.56,10,0.1,153.65
572,CA-2024-10572,2024-06-17,2024-06-18,Standard Class,CUST-1572,Customer 572,Corporate,United States,New York City,New York,96447,South,PROD-2572,Office Supplies,Paper,Paper Product 572,2959.89,2,0.2,-216.4
573,CA-2024-10573,2024-08-20,2024-08-26,Second Class,CUST-1573,Customer 573,Consumer,United States,New York City,New York,16380,Central,PROD-2573,Office Supplies,Binders,Binders Product 573,3287.74,8,0.2,1064.27
574,CA-2024-10574,2024-06-14,2024-06-21,Same Day,CUST-1574,Customer 574,Consumer,United States,Los Angeles,California,12688,West,PROD-2574,Technology,Copiers,Copiers Product 574,1919.33,7,0.2,-117.07
575,CA-2024-10575,2024-03-24,2024-03-28,First Class,CUST-1575,Customer 575,Home Office,United States,Orlando,Florida,89103,West,PROD-2575,Technology,Copiers,Copiers Product 575,787.59,5,0.3,197.33
576,CA-2024-10576,2024-07-02,2024-07-08,Same Day,CUST-1576,Customer 576,Consumer,United States,San Diego,California,65382,Central,PROD-2576,Technology,Phones,Phones Product 576,2458.32,7,0.3,-38.74
577,CA-2024-10577,2024-11-10,2024-11-12,Second Class,CUST-1577,Customer 577,Corporate,United States,Orlando,Florida,79111,East,PROD-2577,Furniture,Chairs,Chairs Product 577,2576.44,8,0.1,447.8
578,CA-2024-10578,2024-05-28,2024-06-01,Same Day,CUST-1578,Customer 578,Corporate,United States,Miami,Florida,84519,East,PROD-2578,Office Supplies,Paper,Paper Product 578,760.06,3,0.2,205.8
579,CA-2024-10579,2024-10-09,2024-10-10,Standard Class,CUST-1579,Customer 579,Home Office,United States,Los Angeles,California,12132,East,PROD-2579,Technology,Accessories,Accessories Product 579,2076.84,8,0.2,57.59
580,CA-2024-10580,2024-12-04,2024-12-08,Same Day,CUST-1580,Customer 580,Home Office,United States,Houston,Texas,68975,Central,PROD-2580,Office Supplies,Binders,Binders Product 580,434.79,5,0.2,62.44
581,CA-2024-10581,2024-06-23,2024-06-30,Standard Class,CUST-1581,Customer 581,Corporate,United States,Houston,Texas,80041,East,PROD-2581,Furniture,Chairs,Chairs Product 581,3740.21,10,0.2,1068.98
582,CA-2024-10582,2024-01-03,2024-01-07,First Class,CUST-1582,Customer 582,Home Office,United States,Los Angeles,California,98316,South,PROD-2582,Furniture,Bookcases,Bookcases Product 582,2396.06,7,0.3,3.35
583,CA-2024-10583,2024-06-03,2024-06-04,Second Class,CUST-1583,Customer 583,Corporate,United States,Houston,Texas,95016,West,PROD-2583,Furniture,Chairs,Chairs Product 583,577.32,1,0.1,161.36
584,CA-2024-10584,2024-11-28,2024-11-30,Standard Class,CUST-1584,Customer 584,Consumer,United States,Miami,Florida,29978,South,PROD-2584,Furniture,Tables,Tables Product 584,3853.21,3,0.3,234.81
585,CA-2024-10585,2024-09-05,2024-09-09,Standard Class,CUST-1585,Customer 585,Consumer,United States,San Diego,California,92629,South,PROD-2585,Technology,Phones,Phones Product 585,1022.67,10,0.3,-127.36
586,CA-2024-10586,2024-07-31,2024-08-07,Standard Class,CUST-1586,Customer 586,Home Office,United States,Orlando,Florida,12492,South,PROD-2586,Furniture,Tables,Tables Product 586,2010.41,9,0.3,-68.45
587,CA-2024-10587,2024-10-22,2024-10-25,First Class,CUST-1587,Customer 587,Corporate,United States,Seattle,Washington,67177,East,PROD-2587,Office Supplies,Storage,Storage Product 587,2097.34,8,0.0,204.27
588,CA-2024-10588,2024-03-23,2024-03-26,Same Day,CUST-1588,Customer 588,Consumer,United States,Dallas,Texas,48455,South,PROD-2588,Office Supplies,Paper,Paper Product 588,1175.87,4,0.2,365.54
589,CA-2024-10589,2024-08-01,2024-08-08,Second Class,CUST-1589,Customer 589,Consumer,United States,Buffalo,New York,89396,South,PROD-2589,Furniture,Bookcases,Bookcases Product 589,1051.9,2,0.3,-89.89
590,CA-2024-10590,2024-02-21,2024-02-28,First Class,CUST-1590,Customer 590,Corporate,United States,Orlando,Florida,98726,West,PROD-2590,Office Supplies,Binders,Binders Product 590,1062.98,1,0.0,31.24
591,CA-2024-10591,2024-03-30,2024-04-06,Second Class,CUST-1591,Customer 591,Corporate,United States,Seattle,Washington,43793,Central,PROD-2591,Furniture,Tables,Tables Product 591,2164.49,10,0.1,-194.06
592,CA-2024-10592,2024-06-30,2024-07-07,Same Day,CUST-1592,Customer 592,Corporate,United States,San Diego,California,24539,East,PROD-2592,Furniture,Bookcases,Bookcases Product 592,4371.0,10,0.0,888.2
593,CA-2024-10593,2024-11-08,2024-11-13,Second Class,CUST-1593,Customer 593,Home Office,United States,Los Angeles,California,48289,South,PROD-2593,Technology,Phones,Phones Product 593,851.89,2,0.1,260.25
594,CA-2024-10594,2024-09-16,2024-09-20,Same Day,CUST-1594,Customer 594,Corporate,United States,Los Angeles,California,10863,West,PROD-2594,Technology,Accessories,Accessories Product 594,1686.35,3,0.0,462.56
595,CA-2024-10595,2024-08-30,2024-09-02,Second Class,CUST-1595,Customer 595,Consumer,United States,New York City,New York,79422,South,PROD-2595,Furniture,Tables,Tables Product 595,1874.73,7,0.2,308.81
596,CA-2024-10596,2024-04-26,2024-04-28,Same Day,CUST-1596,Customer 596,Consumer,United States,Orlando,Florida,11303,East,PROD-2596,Office Supplies,Paper,Paper Product 596,4760.17,9,0.2,1532.16
597,CA-2024-10597,2024-02-13,2024-02-16,Standard Class,CUST-1597,Customer 597,Home Office,United States,Buffalo,New York,96554,Central,PROD-2597,Furniture,Tables,Tables Product 597,326.11,1,0.1,98.24
598,CA-2024-10598,2024-08-02,2024-08-06,Second Class,CUST-1598,Customer 598,Home Office,United States,Tacoma,Washington,62944,South,PROD-2598,Technology,Copiers,Copiers Product 598,1582.2,6,0.0,416.91
599,CA-2024-10599,2024-11-25,2024-11-27,Standard Class,CUST-1599,Customer 599,Consumer,United States,Tacoma,Washington,80442,Central,PROD-2599,Technology,Accessories,Accessories Product 599,4440.62,7,0.1,1289.94
600,CA-2024-10600,2024-07-18,2024-07-24,Second Class,CUST-1600,Customer 600,Consumer,United States,Dallas,Texas,13655,Central,PROD-2600,Furniture,Chairs,Chairs Product 600,2568.12,5,0.2,586.87
601,CA-2024-10601,2024-05-03,2024-05-10,First Class,CUST-1601,Customer 601,Consumer,United States,Buffalo,New York,16256,East,PROD-2601,Technology,Phones,Phones Product 601,3665.29,6,0.2,599.26
602,CA-2024-10602,2024-08-17,2024-08-20,First Class,CUST-1602,Customer 602,Home Office,United States,Seattle,Washington,85073,West,PROD-2602,Office Supplies,Paper,Paper Product 602,4915.09,10,0.1,123.71
603,CA-2024-10603,2024-12-31,2025-01-04,Second Class,CUST-1603,Customer 603,Home Office,United States,Seattle,Washington,65796,South,PROD-2603,Furniture,Tables,Tables Product 603,2591.93,4,0.2,199.98
604,CA-2024-10604,2024-02-11,2024-02-12,Same Day,CUST-1604,Customer 604,Home Office,United States,San Diego,California,83265,South,PROD-2604,Furniture,Tables,Tables Product 604,1089.63,2,0.2,205.3
605,CA-2024-10605,2024-05-15,2024-05-20,Second Class,CUST-1605,Customer 605,Home Office,United States,Orlando,Florida,26662,South,PROD-2605,Office Supplies,Storage,Storage Product 605,4656.56,8,0.3,1219.58
606,CA-2024-10606,2024-12-30,2025-01-03,First Class,CUST-1606,Customer 606,Consumer,United States,Houston,Texas,88852,South,PROD-2606,Technology,Phones,Phones Product 606,2288.05,1,0.1,736.83
607,CA-2024-10607,2024-02-26,2024-02-27,First Class,CUST-1607,Customer 607,Corporate,United States,Buffalo,New York,73691,East,PROD-2607,Furniture,Bookcases,Bookcases Product 607,783.46,6,0.2,270.69
608,CA-2024-10608,2024-03-14,2024-03-16,Same Day,CUST-1608,Customer 608,Consumer,United States,Tacoma,Washington,26033,Central,PROD-2608,Furniture,Tables,Tables Product 608,4447.5,4,0.1,1154.4
609,CA-2024-10609,2024-02-04,2024-02-11,Same Day,CUST-1609,Customer 609,Home Office,United States,San Diego,California,89391,West,PROD-2609,Office Supplies,Storage,Storage Product 609,1562.32,8,0.2,376.01
610,CA-2024-10610,2024-03-11,2024-03-16,Same Day,CUST-1610,Customer 610,Corporate,United States,Orlando,Florida,40516,South,PROD-2610,Technology,Accessories,Accessories Product 610,761.93,6,0.0,190.41
611,CA-2024-10611,2024-06-22,2024-06-27,First Class,CUST-1611,Customer 611,Home Office,United States,San Diego,California,94562,East,PROD-2611,Technology,Accessories,Accessories Product 611,3236.66,3,0.0,440.18
612,CA-2024-10612,2024-11-25,2024-11-30,Standard Class,CUST-1612,Customer 612,Consumer,United States,Los Angeles,California,96278,West,PROD-2612,Technology,Copiers,Copiers Product 612,2892.74,1,0.1,651.67
613,CA-2024-10613,2024-01-10,2024-01-13,Standard Class,CUST-1613,Customer 613,Corporate,United States,Houston,Texas,13049,Central,PROD-2613,Technology,Copiers,Copiers Product 613,2232.26,9,0.2,113.62
614,CA-2024-10614,2024-08-11,2024-08-13,Second Class,CUST-1614,Customer 614,Corporate,United States,Miami,Florida,28878,West,PROD-2614,Technology,Accessories,Accessories Product 614,1922.41,2,0.0,653.41
615,CA-2024-10615,2024-05-10,2024-05-17,Standard Class,CUST-1615,Customer 615,Corporate,United States,Los Angeles,California,61110,East,PROD-2615,Office Supplies,Paper,Paper Product 615,3399.47,1,0.2,-201.49
616,CA-2024-10616,2024-06-12,2024-06-14,Second Class,CUST-1616,Customer 616,Corporate,United States,Orlando,Florida,76666,South,PROD-2616,Office Supplies,Paper,Paper Product 616,4709.06,2,0.0,-229.43
617,CA-2024-10617,2024-02-28,2024-03-02,Second Class,CUST-1617,Customer 617,Consumer,United States,San Diego,California,45279,East,PROD-2617,Office Supplies,Storage,Storage Product 617,2047.24,8,0.0,110.03
618,CA-2024-10618,2024-05-06,2024-05-13,Second Class,CUST-1618,Customer 618,Corporate,United States,Seattle,Washington,80836,West,PROD-2618,Office Supplies,Storage,Storage Product 618,2045.59,2,0.1,493.89
619,CA-2024-10619,2024-05-05,2024-05-10,Second Class,CUST-1619,Customer 619,Consumer,United States,Orlando,Florida,17887,South,PROD-2619,Furniture,Chairs,Chairs Product 619,4066.97,10,0.2,717.94
620,CA-2024-10620,2024-05-19,2024-05-24,Standard Class,CUST-1620,Customer 620,Corporate,United States,Buffalo,New York,21759,South,PROD-2620,Office Supplies,Storage,Storage Product 620,1079.52,9,0.2,-137.38
621,CA-2024-10621,2024-12-23,2024-12-24,Same Day,CUST-1621,Customer 621,Corporate,United States,Dallas,Texas,42234,Central,PROD-2621,Office Supplies,Binders,Binders Product 621,3060.02,6,0.2,512.81
622,CA-2024-10622,2024-06-23,2024-06-25,Standard Class,CUST-1622,Customer 622,Home Office,United States,Orlando,Florida,32745,South,PROD-2622,Furniture,Bookcases,Bookcases Product 622,685.95,1,0.3,-101.42
623,CA-2024-10623,2024-10-11,2024-10-17,Same Day,CUST-1623,Customer 623,Home Office,United States,Orlando,Florida,26176,Central,PROD-2623,Technology,Phones,Phones Product 623,3940.78,2,0.0,1167.6
624,CA-2024-10624,2024-07-11,2024-07-18,Second Class,CUST-1624,Customer 624,Corporate,United States,Tacoma,Washington,11227,West,PROD-2624,Office Supplies,Binders,Binders Product 624,4198.95,1,0.0,341.57
625,CA-2024-10625,2024-01-11,2024-01-18,Same Day,CUST-1625,Customer 625,Corporate,United States,Buffalo,New York,14822,Central,PROD-2625,Furniture,Chairs,Chairs Product 625,4085.08,5,0.1,-134.28
626,CA-2024-10626,2024-09-09,2024-09-15,Same Day,CUST-1626,Customer 626,Consumer,United States,Seattle,Washington,82323,West,PROD-2626,Furniture,Chairs,Chairs Product 626,4921.63,7,0.0,1402.46
627,CA-2024-10627,2024-12-03,2024-12-09,Second Class,CUST-1627,Customer 627,Home Office,United States,Seattle,Washington,45956,West,PROD-2627,Furniture,Bookcases,Bookcases Product 627,658.67,2,0.1,-13.3
628,CA-2024-10628,2024-12-13,2024-12-14,Standard Class,CUST-1628,Customer 628,Corporate,United States,Tacoma,Washington,66694,South,PROD-2628,Technology,Copiers,Copiers Product 628,4417.85,1,0.3,753.17
629,CA-2024-10629,2024-05-20,2024-05-21,Same Day,CUST-1629,Customer 629,Home Office,United States,Tacoma,Washington,68833,Central,PROD-2629,Office Supplies,Paper,Paper Product 629,2595.94,1,0.1,-328.43
630,CA-2024-10630,2024-01-03,2024-01-07,Second Class,CUST-1630,Customer 630,Consumer,United States,Dallas,Texas,31558,Central,PROD-2630,Furniture,Bookcases,Bookcases Product 630,4042.21,4,0.3,1329.43
631,CA-2024-10631,2024-06-08,2024-06-09,Second Class,CUST-1631,Customer 631,Consumer,United States,Los Angeles,California,72072,West,PROD-2631,Office Supplies,Paper,Paper Product 631,4044.13,10,0.2,1092.94
632,CA-2024-10632,2024-06-23,2024-06-30,Same Day,CUST-1632,Customer 632,Home Office,United States,San Diego,California,26361,East,PROD-2632,Technology,Phones,Phones Product 632,4718.87,10,0.3,1095.01
633,CA-2024-10633,2024-02-01,2024-02-02,Same Day,CUST-1633,Customer 633,Consumer,United States,Orlando,Florida,23346,East,PROD-2633,Technology,Phones,Phones Product 633,3917.58,1,0.3,-480.32
634,CA-2024-10634,2024-10-13,2024-10-14,Standard Class,CUST-1634,Customer 634,Corporate,United States,Buffalo,New York,60321,South,PROD-2634,Office Supplies,Binders,Binders Product 634,3094.16,7,0.1,873.45
635,CA-2024-10635,2024-08-07,2024-08-12,Second Class,CUST-1635,Customer 635,Consumer,United States,Seattle,Washington,23459,East,PROD-2635,Office Supplies,Storage,Storage Product 635,4689.17,1,0.3,509.27
636,CA-2024-10636,2024-10-31,2024-11-06,Same Day,CUST-1636,Customer 636,Consumer,United States,Los Angeles,California,41870,West,PROD-2636,Technology,Phones,Phones Product 636,3194.07,5,0.2,193.25
637,CA-2024-10637,2024-01-23,2024-01-24,Second Class,CUST-1637,Customer 637,Consumer,United States,Dallas,Texas,71541,Central,PROD-2637,Technology,Accessories,Accessories Product 637,2575.37,6,0.2,365.27
638,CA-2024-10638,2024-11-04,2024-11-07,Standard Class,CUST-1638,Customer 638,Corporate,United States,Buffalo,New York,55064,West,PROD-2638,Furniture,Bookcases,Bookcases Product 638,2940.47,3,0.0,-92.06
639,CA-2024-10639,2024-04-12,2024-04-18,First Class,CUST-1639,Customer 639,Home Office,United States,Houston,Texas,49273,South,PROD-2639,Office Supplies,Binders,Binders Product 639,3345.94,8,0.2,923.49
640,CA-2024-10640,2024-06-17,2024-06-19,Same Day,CUST-1640,Customer 640,Home Office,United States,San Diego,California,37936,West,PROD-2640,Furniture,Tables,Tables Product 640,1112.64,1,0.1,218.76
641,CA-2024-10641,2024-09-03,2024-09-09,First Class,CUST-1641,Customer 641,Consumer,United States,Buffalo,New York,82704,East,PROD-2641,Furniture,Tables,Tables Product 641,937.54,1,0.2,-135.99
642,CA-2024-10642,2024-03-13,2024-03-16,Second Class,CUST-1642,Customer 642,Consumer,United States,Miami,Florida,47237,West,PROD-2642,Technology,Copiers,Copiers Product 642,4565.29,6,0.0,1541.49
643,CA-2024-10643,2024-04-22,2024-04-25,Standard Class,CUST-1643,Customer 643,Consumer,United States,Dallas,Texas,98795,West,PROD-2643,Technology,Phones,Phones Product 643,909.14,1,0.1,246.78
644,CA-2024-10644,2024-07-13,2024-07-19,Same Day,CUST-1644,Customer 644,Home Office,United States,San Diego,California,18569,East,PROD-2644,Furniture,Tables,Tables Product 644,2291.89,6,0.2,413.58
645,CA-2024-10645,2024-03-14,2024-03-16,Second Class,CUST-1645,Customer 645,Consumer,United States,Houston,Texas,90744,West,PROD-2645,Technology,Accessories,Accessories Product 645,3477.88,6,0.3,1177.23
646,CA-2024-10646,2024-10-01,2024-10-04,Same Day,CUST-1646,Customer 646,Consumer,United States,Dallas,Texas,20670,South,PROD-2646,Furniture,Chairs,Chairs Product 646,3154.71,5,0.1,869.92
647,CA-2024-10647,2024-12-05,2024-12-10,Same Day,CUST-1647,Customer 647,Consumer,United States,Los Angeles,California,52182,Central,PROD-2647,Technology,Accessories,Accessories Product 647,3761.51,9,0.2,373.49
648,CA-2024-10648,2024-09-26,2024-10-02,Second Class,CUST-1648,Customer 648,Corporate,United States,Orlando,Florida,40721,South,PROD-2648,Office Supplies,Paper,Paper Product 648,2914.31,10,0.0,-135.22
649,CA-2024-10649,2024-04-21,2024-04-24,Second Class,CUST-1649,Customer 649,Consumer,United States,Orlando,Florida,48672,South,PROD-2649,Technology,Phones,Phones Product 649,4678.78,6,0.2,586.14
650,CA-2024-10650,2024-09-22,2024-09-25,Same Day,CUST-1650,Customer 650,Corporate,United States,Houston,Texas,75213,Central,PROD-2650,Office Supplies,Storage,Storage Product 650,3113.21,7,0.3,260.81
651,CA-2024-10651,2024-05-19,2024-05-23,First Class,CUST-1651,Customer 651,Home Office,United States,Los Angeles,California,77212,East,PROD-2651,Office Supplies,Binders,Binders Product 651,1342.81,2,0.2,403.83
652,CA-2024-10652,2024-05-21,2024-05-23,First Class,CUST-1652,Customer 652,Corporate,United States,Los Angeles,California,49677,Central,PROD-2652,Furniture,Tables,Tables Product 652,210.64,4,0.2,-10.89
653,CA-2024-10653,2024-04-07,2024-04-13,First Class,CUST-1653,Customer 653,Corporate,United States,Seattle,Washington,62928,South,PROD-2653,Technology,Copiers,Copiers Product 653,2724.77,5,0.0,640.42
654,CA-2024-10654,2024-10-23,2024-10-30,Second Class,CUST-1654,Customer 654,Corporate,United States,San Diego,California,40634,South,PROD-2654,Technology,Copiers,Copiers Product 654,4946.59,3,0.3,-179.12
655,CA-2024-10655,2024-08-24,2024-08-27,Standard Class,CUST-1655,Customer 655,Corporate,United States,San Diego,California,28212,West,PROD-2655,Furniture,Tables,Tables Product 655,3855.25,7,0.1,267.32
656,CA-2024-10656,2024-06-05,2024-06-11,Same Day,CUST-1656,Customer 656,Home Office,United States,San Diego,California,80464,Central,PROD-2656,Technology,Accessories,Accessories Product 656,1712.31,7,0.3,330.27
657,CA-2024-10657,2024-06-15,2024-06-20,Second Class,CUST-1657,Customer 657,Corporate,United States,Los Angeles,California,18350,South,PROD-2657,Furniture,Chairs,Chairs Product 657,4886.67,6,0.3,1661.89
658,CA-2024-10658,2024-04-06,2024-04-10,Second Class,CUST-1658,Customer 658,Consumer,United States,San Diego,California,89084,South,PROD-2658,Technology,Accessories,Accessories Product 658,3202.24,5,0.0,-205.87
659,CA-2024-10659,2024-01-14,2024-01-16,First Class,CUST-1659,Customer 659,Home Office,United States,Houston,Texas,11447,West,PROD-2659,Office Supplies,Paper,Paper Product 659,1045.34,5,0.0,80.84
660,CA-2024-10660,2024-06-16,2024-06-23,Same Day,CUST-1660,Customer 660,Consumer,United States,Orlando,Florida,27030,West,PROD-2660,Furniture,Chairs,Chairs Product 660,663.11,7,0.3,146.93
661,CA-2024-10661,2024-06-07,2024-06-11,Same Day,CUST-1661,Customer 661,Corporate,United States,Miami,Florida,36437,East,PROD-2661,Technology,Copiers,Copiers Product 661,4696.99,10,0.1,475.51
662,CA-2024-10662,2024-03-14,2024-03-18,Standard Class,CUST-1662,Customer 662,Home Office,United States,San Diego,California,21941,Central,PROD-2662,Technology,Phones,Phones Product 662,2638.77,10,0.3,211.37
663,CA-2024-10663,2024-11-26,2024-11-30,Same Day,CUST-1663,Customer 663,Corporate,United States,Buffalo,New York,60418,West,PROD-2663,Office Supplies,Storage,Storage Product 663,4120.68,3,0.3,-104.8
664,CA-2024-10664,2024-12-23,2024-12-28,First Class,CUST-1664,Customer 664,Home Office,United States,San Diego,California,18748,West,PROD-2664,Technology,Phones,Phones Product 664,1213.68,3,0.2,353.52
665,CA-2024-10665,2024-09-09,2024-09-13,Second Class,CUST-1665,Customer 665,Corporate,United States,Seattle,Washington,37180,East,PROD-2665,Office Supplies,Binders,Binders Product 665,3781.88,9,0.2,208.19
666,CA-2024-10666,2024-08-24,2024-08-25,First Class,CUST-1666,Customer 666,Consumer,United States,San Diego,California,27888,Central,PROD-2666,Office Supplies,Paper,Paper Product 666,3734.87,4,0.3,-489.69
667,CA-2024-10667,2024-12-09,2024-12-15,First Class,CUST-1667,Customer 667,Consumer,United States,Orlando,Florida,32359,East,PROD-2667,Office Supplies,Binders,Binders Product 667,431.09,4,0.3,-34.43
668,CA-2024-10668,2024-11-06,2024-11-07,Standard Class,CUST-1668,Customer 668,Home Office,United States,Dallas,Texas,45815,West,PROD-2668,Furniture,Bookcases,Bookcases Product 668,3712.4,3,0.0,689.38
669,CA-2024-10669,2024-08-13,2024-08-16,Standard Class,CUST-1669,Customer 669,Home Office,United States,Houston,Texas,78534,East,PROD-2669,Technology,Phones,Phones Product 669,4465.58,9,0.1,317.19
670,CA-2024-10670,2024-07-18,2024-07-24,First Class,CUST-1670,Customer 670,Consumer,United States,Buffalo,New York,36212,East,PROD-2670,Furniture,Bookcases,Bookcases Product 670,43.24,7,0.1,13.6
671,CA-2024-10671,2024-01-09,2024-01-13,Standard Class,CUST-1671,Customer 671,Home Office,United States,Los Angeles,California,32004,West,PROD-2671,Office Supplies,Binders,Binders Product 671,3406.2,2,0.1,1121.91
672,CA-2024-10672,2024-01-23,2024-01-27,Same Day,CUST-1672,Customer 672,Corporate,United States,Seattle,Washington,25834,West,PROD-2672,Office Supplies,Paper,Paper Product 672,2819.03,4,0.1,894.09
673,CA-2024-10673,2024-04-19,2024-04-20,Same Day,CUST-1673,Customer 673,Consumer,United States,Buffalo,New York,18652,Central,PROD-2673,Furniture,Chairs,Chairs Product 673,2022.65,6,0.0,90.2
674,CA-2024-10674,2024-11-28,2024-12-03,Standard Class,CUST-1674,Customer 674,Home Office,United States,New York City,New York,80278,West,PROD-2674,Furniture,Chairs,Chairs Product 674,2067.26,10,0.3,706.08
675,CA-2024-10675,2024-05-08,2024-05-09,First Class,CUST-1675,Customer 675,Home Office,United States,Tacoma,Washington,73193,East,PROD-2675,Technology,Copiers,Copiers Product 675,1955.06,3,0.2,-121.87
676,CA-2024-10676,2024-06-20,2024-06-21,Standard Class,CUST-1676,Customer 676,Corporate,United States,Tacoma,Washington,40984,South,PROD-2676,Office Supplies,Storage,Storage Product 676,3210.15,4,0.0,-108.17
677,CA-2024-10677,2024-05-04,2024-05-09,Standard Class,CUST-1677,Customer 677,Consumer,United States,Los Angeles,California,88390,South,PROD-2677,Furniture,Tables,Tables Product 677,2503.66,4,0.1,94.82
678,CA-2024-10678,2024-06-17,2024-06-19,Second Class,CUST-1678,Customer 678,Home Office,United States,Buffalo,New York,53420,Central,PROD-2678,Technology,Phones,Phones Product 678,2613.95,7,0.2,588.86
679,CA-2024-10679,2024-05-04,2024-05-06,Second Class,CUST-1679,Customer 679,Corporate,United States,Seattle,Washington,92546,East,PROD-2679,Technology,Phones,Phones Product 679,4011.23,4,0.3,444.19
680,CA-2024-10680,2024-02-03,2024-02-10,Second Class,CUST-1680,Customer 680,Home Office,United States,Miami,Florida,81938,West,PROD-2680,Furniture,Chairs,Chairs Product 680,3179.15,3,0.1,-277.28
681,CA-2024-10681,2024-04-30,2024-05-05,Second Class,CUST-1681,Customer 681,Corporate,United States,San Diego,California,47401,South,PROD-2681,Technology,Accessories,Accessories Product 681,1571.09,4,0.1,97.42
682,CA-2024-10682,2024-11-21,2024-11-23,Same Day,CUST-1682,Customer 682,Consumer,United States,Buffalo,New York,73176,East,PROD-2682,Furniture,Tables,Tables Product 682,2003.26,3,0.3,141.61
683,CA-2024-10683,2024-07-14,2024-07-18,First Class,CUST-1683,Customer 683,Corporate,United States,San Diego,California,47122,South,PROD-2683,Technology,Copiers,Copiers Product 683,780.94,3,0.2,31.41
684,CA-2024-10684,2024-10-14,2024-10-19,Standard Class,CUST-1684,Customer 684,Consumer,United States,Miami,Florida,75627,Central,PROD-2684,Office Supplies,Binders,Binders Product 684,3580.02,4,0.1,1102.88
685,CA-2024-10685,2024-09-08,2024-09-12,Standard Class,CUST-1685,Customer 685,Consumer,United States,Orlando,Florida,60439,West,PROD-2685,Technology,Accessories,Accessories Product 685,1932.51,5,0.0,105.12
686,CA-2024-10686,2024-04-09,2024-04-16,Same Day,CUST-1686,Customer 686,Corporate,United States,Orlando,Florida,42347,West,PROD-2686,Technology,Accessories,Accessories Product 686,2557.85,8,0.2,507.04
687,CA-2024-10687,2024-09-01,2024-09-02,Second Class,CUST-1687,Customer 687,Corporate,United States,New York City,New York,42429,West,PROD-2687,Technology,Copiers,Copiers Product 687,3233.76,5,0.3,1041.7
688,CA-2024-10688,2024-01-07,2024-01-08,Second Class,CUST-1688,Customer 688,Corporate,United States,San Diego,California,43144,Central,PROD-2688,Office Supplies,Storage,Storage Product 688,2939.08,2,0.1,846.46
689,CA-2024-10689,2024-09-13,2024-09-18,First Class,CUST-1689,Customer 689,Consumer,United States,Orlando,Florida,45261,West,PROD-2689,Technology,Accessories,Accessories Product 689,3767.26,2,0.0,633.24
690,CA-2024-10690,2024-07-22,2024-07-28,First Class,CUST-1690,Customer 690,Home Office,United States,New York City,New York,66485,West,PROD-2690,Furniture,Tables,Tables Product 690,27.86,2,0.3,3.13
691,CA-2024-10691,2024-03-31,2024-04-03,Second Class,CUST-1691,Customer 691,Consumer,United States,Houston,Texas,36337,East,PROD-2691,Furniture,Tables,Tables Product 691,926.28,2,0.3,123.7
692,CA-2024-10692,2024-04-03,2024-04-10,Second Class,CUST-1692,Customer 692,Consumer,United States,Dallas,Texas,48420,East,PROD-2692,Office Supplies,Paper,Paper Product 692,3141.65,10,0.0,892.8
693,CA-2024-10693,2024-07-12,2024-07-13,Standard Class,CUST-1693,Customer 693,Consumer,United States,New York City,New York,18002,Central,PROD-2693,Office Supplies,Binders,Binders Product 693,2936.52,8,0.3,547.37
694,CA-2024-10694,2024-01-04,2024-01-10,First Class,CUST-1694,Customer 694,Corporate,United States,Seattle,Washington,72027,Central,PROD-2694,Furniture,Chairs,Chairs Product 694,2621.23,1,0.3,397.1
695,CA-2024-10695,2024-11-05,2024-11-09,Same Day,CUST-1695,Customer 695,Home Office,United States,Buffalo,New York,17502,Central,PROD-2695,Technology,Accessories,Accessories Product 695,4997.24,4,0.2,912.19
696,CA-2024-10696,2024-06-18,2024-06-25,First Class,CUST-1696,Customer 696,Home Office,United States,Los Angeles,California,42576,Central,PROD-2696,Office Supplies,Storage,Storage Product 696,2021.01,3,0.0,305.08
697,CA-2024-10697,2024-08-19,2024-08-24,Standard Class,CUST-1697,Customer 697,Home Office,United States,Orlando,Florida,52667,South,PROD-2697,Technology,Phones,Phones Product 697,35.58,6,0.0,5.94
698,CA-2024-10698,2024-04-29,2024-05-04,Same Day,CUST-1698,Customer 698,Home Office,United States,Orlando,Florida,23166,South,PROD-2698,Technology,Copiers,Copiers Product 698,3973.92,6,0.3,1269.84
699,CA-2024-10699,2024-05-30,2024-06-04,Standard Class,CUST-1699,Customer 699,Corporate,United States,Houston,Texas,98219,South,PROD-2699,Technology,Copiers,Copiers Product 699,3928.61,9,0.0,-338.13
700,CA-2024-10700,2024-03-27,2024-03-31,Standard Class,CUST-1700,Customer 700,Consumer,United States,San Diego,California,67002,East,PROD-2700,Technology,Copiers,Copiers Product 700,1219.69,4,0.1,276.41
701,CA-2024-10701,2024-03-23,2024-03-26,Same Day,CUST-1701,Customer 701,Consumer,United States,Orlando,Florida,53620,West,PROD-2701,Furniture,Bookcases,Bookcases Product 701,1302.99,8,0.0,238.11
702,CA-2024-10702,2024-10-21,2024-10-28,Second Class,CUST-1702,Customer 702,Corporate,United States,Seattle,Washington,25163,Central,PROD-2702,Technology,Accessories,Accessories Product 702,1897.51,7,0.3,482.39
703,CA-2024-10703,2024-02-14,2024-02-15,First Class,CUST-1703,Customer 703,Corporate,United States,San Diego,California,85617,East,PROD-2703,Technology,Copiers,Copiers Product 703,4687.31,2,0.2,-404.47
704,CA-2024-10704,2024-06-08,2024-06-09,Second Class,CUST-1704,Customer 704,Consumer,United States,Seattle,Washington,61814,East,PROD-2704,Office Supplies,Paper,Paper Product 704,1611.82,6,0.1,177.1
705,CA-2024-10705,2024-10-02,2024-10-09,First Class,CUST-1705,Customer 705,Consumer,United States,Orlando,Florida,97208,East,PROD-2705,Furniture,Tables,Tables Product 705,4189.34,8,0.3,-319.59
706,CA-2024-10706,2024-11-02,2024-11-05,Same Day,CUST-1706,Customer 706,Consumer,United States,New York City,New York,53665,West,PROD-2706,Office Supplies,Storage,Storage Product 706,2878.38,4,0.3,-12.24
707,CA-2024-10707,2024-04-17,2024-04-24,Same Day,CUST-1707,Customer 707,Corporate,United States,Houston,Texas,65369,South,PROD-2707,Furniture,Tables,Tables Product 707,3642.43,5,0.1,1258.57
708,CA-2024-10708,2024-06-27,2024-07-04,Same Day,CUST-1708,Customer 708,Consumer,United States,Orlando,Florida,27157,Central,PROD-2708,Furniture,Bookcases,Bookcases Product 708,3639.24,5,0.1,729.87
709,CA-2024-10709,2024-10-24,2024-10-31,First Class,CUST-1709,Customer 709,Consumer,United States,San Diego,California,37494,West,PROD-2709,Office Supplies,Storage,Storage Product 709,835.2,3,0.3,165.35
710,CA-2024-10710,2024-04-10,2024-04-16,Same Day,CUST-1710,Customer 710,Home Office,United States,San Diego,California,32049,East,PROD-2710,Technology,Copiers,Copiers Product 710,527.7,3,0.3,171.61
711,CA-2024-10711,2024-02-19,2024-02-22,Same Day,CUST-1711,Customer 711,Consumer,United States,Miami,Florida,14455,East,PROD-2711,Furniture,Chairs,Chairs Product 711,4901.78,6,0.3,1641.43
712,CA-2024-10712,2024-05-03,2024-05-07,Same Day,CUST-1712,Customer 712,Corporate,United States,Orlando,Florida,92881,South,PROD-2712,Technology,Copiers,Copiers Product 712,4773.69,7,0.0,1140.27
713,CA-2024-10713,2024-07-07,2024-07-08,Same Day,CUST-1713,Customer 713,Corporate,United States,Los Angeles,California,22393,West,PROD-2713,Furniture,Chairs,Chairs Product 713,2456.31,9,0.1,-340.17
714,CA-2024-10714,2024-07-15,2024-07-19,Standard Class,CUST-1714,Customer 714,Corporate,United States,Orlando,Florida,82883,South,PROD-2714,Technology,Phones,Phones Product 714,515.22,2,0.1,27.13
715,CA-2024-10715,2024-02-02,2024-02-07,Same Day,CUST-1715,Customer 715,Corporate,United States,Seattle,Washington,26127,East,PROD-2715,Furniture,Bookcases,Bookcases Product 715,4490.06,3,0.1,-661.56
716,CA-2024-10716,2024-03-06,2024-03-11,First Class,CUST-1716,Customer 716,Corporate,United States,Houston,Texas,81359,West,PROD-2716,Furniture,Bookcases,Bookcases Product 716,1298.67,1,0.0,441.5
717,CA-2024-10717,2024-08-04,2024-08-10,Same Day,CUST-1717,Customer 717,Consumer,United States,Los Angeles,California,85637,South,PROD-2717,Office Supplies,Binders,Binders Product 717,4732.15,9,0.2,849.79
718,CA-2024-10718,2024-12-21,2024-12-24,Second Class,CUST-1718,Customer 718,Consumer,United States,Tacoma,Washington,49283,West,PROD-2718,Technology,Copiers,Copiers Product 718,2562.74,2,0.0,-80.6
719,CA-2024-10719,2024-03-09,2024-03-14,First Class,CUST-1719,Customer 719,Corporate,United States,Seattle,Washington,60040,West,PROD-2719,Technology,Accessories,Accessories Product 719,1401.43,10,0.3,-158.11
720,CA-2024-10720,2024-07-23,2024-07-27,First Class,CUST-1720,Customer 720,Home Office,United States,San Diego,California,94616,West,PROD-2720,Technology,Accessories,Accessories Product 720,4702.19,3,0.1,-539.44
721,CA-2024-10721,2024-12-31,2025-01-03,Second Class,CUST-1721,Customer 721,Consumer,United States,Seattle,Washington,45405,East,PROD-2721,Office Supplies,Binders,Binders Product 721,1595.47,7,0.3,-218.65
722,CA-2024-10722,2024-09-29,2024-09-30,Second Class,CUST-1722,Customer 722,Consumer,United States,Tacoma,Washington,45867,East,PROD-2722,Furniture,Tables,Tables Product 722,3208.08,6,0.2,766.84
723,CA-2024-10723,2024-02-20,2024-02-24,First Class,CUST-1723,Customer 723,Home Office,United States,Dallas,Texas,84993,Central,PROD-2723,Furniture,Chairs,Chairs Product 723,895.14,5,0.3,-91.51
724,CA-2024-10724,2024-10-09,2024-10-12,Same Day,CUST-1724,Customer 724,Corporate,United States,Seattle,Washington,87635,West,PROD-2724,Furniture,Chairs,Chairs Product 724,1603.62,7,0.1,36.22
725,CA-2024-10725,2024-05-12,2024-05-13,First Class,CUST-1725,Customer 725,Home Office,United States,Seattle,Washington,42651,South,PROD-2725,Technology,Phones,Phones Product 725,730.5,10,0.2,-90.27
726,CA-2024-10726,2024-12-27,2024-12-31,Second Class,CUST-1726,Customer 726,Corporate,United States,Dallas,Texas,93313,East,PROD-2726,Office Supplies,Paper,Paper Product 726,2521.1,5,0.3,278.07
727,CA-2024-10727,2024-06-05,2024-06-09,Standard Class,CUST-1727,Customer 727,Consumer,United States,New York City,New York,47467,South,PROD-2727,Technology,Phones,Phones Product 727,401.93,4,0.0,-27.11
728,CA-2024-10728,2024-01-06,2024-01-10,Second Class,CUST-1728,Customer 728,Home Office,United States,Seattle,Washington,10955,South,PROD-2728,Office Supplies,Paper,Paper Product 728,2584.76,9,0.0,136.31
729,CA-2024-10729,2024-12-25,2024-12-30,Second Class,CUST-1729,Customer 729,Home Office,United States,New York City,New York,78618,West,PROD-2729,Technology,Copiers,Copiers Product 729,4755.32,9,0.0,730.83
730,CA-2024-10730,2024-03-30,2024-03-31,First Class,CUST-1730,Customer 730,Consumer,United States,New York City,New York,54296,West,PROD-2730,Technology,Accessories,Accessories Product 730,4763.37,7,0.3,188.38
731,CA-2024-10731,2024-10-03,2024-10-10,Same Day,CUST-1731,Customer 731,Consumer,United States,San Diego,California,49953,East,PROD-2731,Office Supplies,Paper,Paper Product 731,1481.85,4,0.0,324.54
732,CA-2024-10732,2024-08-25,2024-08-30,Standard Class,CUST-1732,Customer 732,Corporate,United States,Miami,Florida,34400,South,PROD-2732,Office Supplies,Binders,Binders Product 732,3085.34,6,0.2,83.14
733,CA-2024-10733,2024-06-30,2024-07-01,Same Day,CUST-1733,Customer 733,Consumer,United States,San Diego,California,30398,Central,PROD-2733,Office Supplies,Binders,Binders Product 733,442.02,9,0.1,24.47
734,CA-2024-10734,2024-04-25,2024-04-29,Same Day,CUST-1734,Customer 734,Home Office,United States,Orlando,Florida,67587,West,PROD-2734,Office Supplies,Paper,Paper Product 734,2153.14,3,0.2,-205.95
735,CA-2024-10735,2024-03-12,2024-03-15,Same Day,CUST-1735,Customer 735,Corporate,United States,Miami,Florida,53412,East,PROD-2735,Office Supplies,Storage,Storage Product 735,1008.35,4,0.2,-130.96
736,CA-2024-10736,2024-03-23,2024-03-29,Second Class,CUST-1736,Customer 736,Corporate,United States,Dallas,Texas,62412,South,PROD-2736,Technology,Accessories,Accessories Product 736,611.59,8,0.3,152.84
737,CA-2024-10737,2024-03-08,2024-03-09,First Class,CUST-1737,Customer 737,Corporate,United States,Los Angeles,California,88261,East,PROD-2737,Furniture,Chairs,Chairs Product 737,1733.72,1,0.1,-214.95
738,CA-2024-10738,2024-08-10,2024-08-14,Second Class,CUST-1738,Customer 738,Consumer,United States,Buffalo,New York,46849,East,PROD-2738,Office Supplies,Binders,Binders Product 738,3809.28,4,0.1,817.56
739,CA-2024-10739,2024-05-14,2024-05-20,Second Class,CUST-1739,Customer 739,Consumer,United States,Dallas,Texas,25789,West,PROD-2739,Furniture,Tables,Tables Product 739,3538.18,2,0.1,-196.95
740,CA-2024-10740,2024-07-24,2024-07-25,Same Day,CUST-1740,Customer 740,Corporate,United States,New York City,New York,78809,Central,PROD-2740,Furniture,Tables,Tables Product 740,107.95,4,0.0,30.46
741,CA-2024-10741,2024-12-24,2024-12-30,First Class,CUST-1741,Customer 741,Consumer,United States,Houston,Texas,45290,Central,PROD-2741,Office Supplies,Paper,Paper Product 741,2406.39,9,0.3,413.75
742,CA-2024-10742,2024-05-23,2024-05-26,First Class,CUST-1742,Customer 742,Consumer,United States,Miami,Florida,47397,South,PROD-2742,Office Supplies,Binders,Binders Product 742,925.12,1,0.0,166.72
743,CA-2024-10743,2024-05-23,2024-05-28,Standard Class,CUST-1743,Customer 743,Home Office,United States,San Diego,California,11790,West,PROD-2743,Furniture,Tables,Tables Product 743,4742.67,6,0.2,10.33
744,CA-2024-10744,2024-06-18,2024-06-21,Standard Class,CUST-1744,Customer 744,Consumer,United States,Buffalo,New York,92517,East,PROD-2744,Furniture,Bookcases,Bookcases Product 744,1394.22,10,0.3,-148.32
745,CA-2024-10745,2024-01-22,2024-01-27,Same Day,CUST-1745,Customer 745,Consumer,United States,Houston,Texas,79934,West,PROD-2745,Technology,Accessories,Accessories Product 745,4628.99,2,0.2,3.42
746,CA-2024-10746,2024-01-23,2024-01-25,Same Day,CUST-1746,Customer 746,Home Office,United States,Dallas,Texas,25391,South,PROD-2746,Technology,Copiers,Copiers Product 746,1277.58,9,0.2,380.02
747,CA-2024-10747,2024-02-04,2024-02-08,Standard Class,CUST-1747,Customer 747,Home Office,United States,Miami,Florida,34928,South,PROD-2747,Furniture,Bookcases,Bookcases Product 747,1385.26,3,0.2,-176.31
748,CA-2024-10748,2024-09-10,2024-09-16,First Class,CUST-1748,Customer 748,Consumer,United States,Seattle,Washington,34125,East,PROD-2748,Furniture,Tables,Tables Product 748,3758.62,7,0.3,189.53
749,CA-2024-10749,2024-03-22,2024-03-27,Second Class,CUST-1749,Customer 749,Corporate,United States,Houston,Texas,45194,East,PROD-2749,Technology,Accessories,Accessories Product 749,2529.01,9,0.2,4.31
750,CA-2024-10750,2024-03-28,2024-03-30,Standard Class,CUST-1750,Customer 750,Home Office,United States,Los Angeles,California,42637,West,PROD-2750,Office Supplies,Binders,Binders Product 750,3205.28,5,0.1,-47.38
751,CA-2024-10751,2024-09-30,2024-10-01,First Class,CUST-1751,Customer 751,Home Office,United States,San Diego,California,27512,South,PROD-2751,Technology,Copiers,Copiers Product 751,4861.65,6,0.0,1571.35
752,CA-2024-10752,2024-11-09,2024-11-12,Standard Class,CUST-1752,Customer 752,Home Office,United States,New York City,New York,96155,East,PROD-2752,Technology,Phones,Phones Product 752,4123.18,4,0.2,-254.12
753,CA-2024-10753,2024-12-18,2024-12-22,Second Class,CUST-1753,Customer 753,Home Office,United States,New York City,New York,66872,Central,PROD-2753,Office Supplies,Binders,Binders Product 753,1634.83,4,0.3,-118.0
754,CA-2024-10754,2024-03-16,2024-03-20,Second Class,CUST-1754,Customer 754,Home Office,United States,San Diego,California,46968,East,PROD-2754,Furniture,Tables,Tables Product 754,941.44,3,0.1,126.93
755,CA-2024-10755,2024-06-07,2024-06-09,Same Day,CUST-1755,Customer 755,Home Office,United States,Dallas,Texas,62757,East,PROD-2755,Technology,Copiers,Copiers Product 755,955.48,3,0.0,60.38
756,CA-2024-10756,2024-09-26,2024-09-28,Standard Class,CUST-1756,Customer 756,Corporate,United States,Los Angeles,California,28695,East,PROD-2756,Office Supplies,Paper,Paper Product 756,123.17,1,0.0,-10.34
757,CA-2024-10757,2024-01-05,2024-01-12,First Class,CUST-1757,Customer 757,Corporate,United States,San Diego,California,72771,West,PROD-2757,Technology,Phones,Phones Product 757,1027.56,8,0.3,264.84
758,CA-2024-10758,2024-05-04,2024-05-05,Standard Class,CUST-1758,Customer 758,Home Office,United States,Tacoma,Washington,64432,West,PROD-2758,Technology,Copiers,Copiers Product 758,632.92,1,0.0,77.42
759,CA-2024-10759,2024-01-01,2024-01-03,Same Day,CUST-1759,Customer 759,Home Office,United States,Los Angeles,California,24733,South,PROD-2759,Office Supplies,Paper,Paper Product 759,753.94,5,0.1,234.36
760,CA-2024-10760,2024-03-27,2024-03-28,Standard Class,CUST-1760,Customer 760,Consumer,United States,Houston,Texas,89233,West,PROD-2760,Office Supplies,Paper,Paper Product 760,399.92,6,0.0,12.1
761,CA-2024-10761,2024-04-01,2024-04-05,First Class,CUST-1761,Customer 761,Corporate,United States,Tacoma,Washington,23621,Central,PROD-2761,Technology,Phones,Phones Product 761,3403.58,3,0.2,552.67
762,CA-2024-10762,2024-09-12,2024-09-18,Same Day,CUST-1762,Customer 762,Corporate,United States,Buffalo,New York,72709,East,PROD-2762,Technology,Phones,Phones Product 762,3948.5,3,0.1,39.99
763,CA-2024-10763,2024-02-27,2024-03-03,First Class,CUST-1763,Customer 763,Corporate,United States,Orlando,Florida,74776,South,PROD-2763,Furniture,Chairs,Chairs Product 763,1628.81,3,0.1,380.76
764,CA-2024-10764,2024-09-03,2024-09-09,Same Day,CUST-1764,Customer 764,Home Office,United States,Orlando,Florida,80282,West,PROD-2764,Furniture,Bookcases,Bookcases Product 764,4609.59,7,0.3,574.68
765,CA-2024-10765,2024-07-15,2024-07-16,Standard Class,CUST-1765,Customer 765,Consumer,United States,Tacoma,Washington,12248,Central,PROD-2765,Technology,Copiers,Copiers Product 765,3887.43,4,0.0,-125.97
766,CA-2024-10766,2024-10-12,2024-10-16,Same Day,CUST-1766,Customer 766,Consumer,United States,Houston,Texas,37621,West,PROD-2766,Furniture,Tables,Tables Product 766,1817.08,3,0.2,145.72
767,CA-2024-10767,2024-01-29,2024-02-04,Standard Class,CUST-1767,Customer 767,Home Office,United States,Houston,Texas,86232,East,PROD-2767,Technology,Copiers,Copiers Product 767,732.52,1,0.3,26.26
768,CA-2024-10768,2024-09-01,2024-09-08,Same Day,CUST-1768,Customer 768,Consumer,United States,Seattle,Washington,33910,South,PROD-2768,Furniture,Chairs,Chairs Product 768,1838.92,2,0.1,-204.98
769,CA-2024-10769,2024-03-12,2024-03-18,Second Class,CUST-1769,Customer 769,Consumer,United States,Tacoma,Washington,94207,East,PROD-2769,Office Supplies,Paper,Paper Product 769,3618.34,8,0.0,-23.94
770,CA-2024-10770,2024-11-05,2024-11-12,First Class,CUST-1770,Customer 770,Home Office,United States,Houston,Texas,39794,South,PROD-2770,Furniture,Tables,Tables Product 770,4166.75,8,0.2,1289.92
771,CA-2024-10771,2024-03-21,2024-03-24,Second Class,CUST-1771,Customer 771,Home Office,United States,San Diego,California,83307,East,PROD-2771,Furniture,Bookcases,Bookcases Product 771,1075.08,10,0.0,-43.59
772,CA-2024-10772,2024-12-20,2024-12-24,First Class,CUST-1772,Customer 772,Home Office,United States,Orlando,Florida,65603,West,PROD-2772,Technology,Copiers,Copiers Product 772,2037.4,7,0.1,-249.92
773,CA-2024-10773,2024-05-18,2024-05-19,Second Class,CUST-1773,Customer 773,Home Office,United States,Los Angeles,California,23954,East,PROD-2773,Office Supplies,Storage,Storage Product 773,3898.41,6,0.0,-117.87
774,CA-2024-10774,2024-04-18,2024-04-23,Standard Class,CUST-1774,Customer 774,Home Office,United States,San Diego,California,73413,East,PROD-2774,Furniture,Bookcases,Bookcases Product 774,1024.6,1,0.1,-15.8
775,CA-2024-10775,2024-01-25,2024-01-28,Same Day,CUST-1775,Customer 775,Home Office,United States,San Diego,California,56640,West,PROD-2775,Furniture,Tables,Tables Product 775,3763.36,7,0.1,27.23
776,CA-2024-10776,2024-12-25,2024-12-31,Same Day,CUST-1776,Customer 776,Corporate,United States,San Diego,California,86855,East,PROD-2776,Office Supplies,Storage,Storage Product 776,2527.82,9,0.1,-349.24
777,CA-2024-10777,2024-05-28,2024-05-30,Second Class,CUST-1777,Customer 777,Home Office,United States,Dallas,Texas,31108,Central,PROD-2777,Furniture,Bookcases,Bookcases Product 777,484.59,4,0.1,122.96
778,CA-2024-10778,2024-08-17,2024-08-24,Same Day,CUST-1778,Customer 778,Consumer,United States,Dallas,Texas,37370,East,PROD-2778,Office Supplies,Paper,Paper Product 778,3124.88,7,0.0,922.9
779,CA-2024-10779,2024-03-19,2024-03-24,Same Day,CUST-1779,Customer 779,Corporate,United States,Miami,Florida,32245,Central,PROD-2779,Furniture,Chairs,Chairs Product 779,3836.26,5,0.0,381.54
780,CA-2024-10780,2024-03-23,2024-03-24,First Class,CUST-1780,Customer 780,Corporate,United States,Buffalo,New York,95235,West,PROD-2780,Office Supplies,Binders,Binders Product 780,374.25,8,0.2,128.39
781,CA-2024-10781,2024-03-04,2024-03-09,First Class,CUST-1781,Customer 781,Corporate,United States,Miami,Florida,20943,South,PROD-2781,Office Supplies,Paper,Paper Product 781,2016.68,10,0.1,142.0
782,CA-2024-10782,2024-09-16,2024-09-20,Standard Class,CUST-1782,Customer 782,Corporate,United States,New York City,New York,59259,West,PROD-2782,Technology,Copiers,Copiers Product 782,304.15,4,0.0,-22.12
783,CA-2024-10783,2024-10-18,2024-10-22,Same Day,CUST-1783,Customer 783,Consumer,United States,Los Angeles,California,21248,West,PROD-2783,Office Supplies,Paper,Paper Product 783,3352.37,6,0.3,282.42
784,CA-2024-10784,2024-02-25,2024-02-29,Same Day,CUST-1784,Customer 784,Consumer,United States,Miami,Florida,46487,South,PROD-2784,Office Supplies,Paper,Paper Product 784,341.07,6,0.3,-14.9
785,CA-2024-10785,2024-01-20,2024-01-25,Same Day,CUST-1785,Customer 785,Consumer,United States,Dallas,Texas,57381,South,PROD-2785,Furniture,Bookcases,Bookcases Product 785,1083.08,10,0.0,372.48
786,CA-2024-10786,2024-08-30,2024-09-01,Standard Class,CUST-1786,Customer 786,Corporate,United States,Los Angeles,California,63093,East,PROD-2786,Furniture,Bookcases,Bookcases Product 786,2126.14,5,0.1,-230.06
787,CA-2024-10787,2024-06-01,2024-06-08,Standard Class,CUST-1787,Customer 787,Corporate,United States,Orlando,Florida,54829,Central,PROD-2787,Technology,Phones,Phones Product 787,3354.83,5,0.1,889.95
788,CA-2024-10788,2024-03-25,2024-03-27,Same Day,CUST-1788,Customer 788,Consumer,United States,Buffalo,New York,83519,West,PROD-2788,Office Supplies,Paper,Paper Product 788,2686.82,3,0.3,73.47
789,CA-2024-10789,2024-02-09,2024-02-15,Same Day,CUST-1789,Customer 789,Consumer,United States,Seattle,Washington,75463,Central,PROD-2789,Office Supplies,Storage,Storage Product 789,4932.11,6,0.0,-368.66
790,CA-2024-10790,2024-02-28,2024-03-06,Standard Class,CUST-1790,Customer 790,Consumer,United States,Orlando,Florida,38655,West,PROD-2790,Technology,Copiers,Copiers Product 790,38.31,8,0.1,6.4
791,CA-2024-10791,2024-08-03,2024-08-09,Standard Class,CUST-1791,Customer 791,Corporate,United States,Seattle,Washington,57683,East,PROD-2791,Technology,Accessories,Accessories Product 791,1096.36,4,0.1,368.24
792,CA-2024-10792,2024-06-03,2024-06-06,First Class,CUST-1792,Customer 792,Home Office,United States,Seattle,Washington,65816,Central,PROD-2792,Technology,Accessories,Accessories Product 792,3251.58,8,0.3,179.47
793,CA-2024-10793,2024-02-28,2024-03-01,Same Day,CUST-1793,Customer 793,Home Office,United States,Orlando,Florida,47125,East,PROD-2793,Office Supplies,Binders,Binders Product 793,2772.71,3,0.3,113.08
794,CA-2024-10794,2024-02-14,2024-02-21,Standard Class,CUST-1794,Customer 794,Home Office,United States,Los Angeles,California,68209,East,PROD-2794,Technology,Phones,Phones Product 794,3088.98,7,0.0,303.35
795,CA-2024-10795,2024-12-07,2024-12-10,Standard Class,CUST-1795,Customer 795,Corporate,United States,Miami,Florida,70810,South,PROD-2795,Furniture,Tables,Tables Product 795,2766.91,2,0.1,769.67
796,CA-2024-10796,2024-11-26,2024-12-02,Same Day,CUST-1796,Customer 796,Home Office,United States,Miami,Florida,41661,East,PROD-2796,Office Supplies,Binders,Binders Product 796,2547.65,5,0.2,9.42
797,CA-2024-10797,2024-07-31,2024-08-01,Same Day,CUST-1797,Customer 797,Consumer,United States,Los Angeles,California,82841,South,PROD-2797,Furniture,Tables,Tables Product 797,4207.03,9,0.2,73.81
798,CA-2024-10798,2024-04-08,2024-04-13,First Class,CUST-1798,Customer 798,Home Office,United States,Miami,Florida,30767,South,PROD-2798,Technology,Accessories,Accessories Product 798,661.77,7,0.1,34.12
799,CA-2024-10799,2024-04-28,2024-04-29,Second Class,CUST-1799,Customer 799,Consumer,United States,Houston,Texas,22224,East,PROD-2799,Technology,Copiers,Copiers Product 799,3925.72,5,0.1,1273.31
800,CA-2024-10800,2024-08-11,2024-08-12,Second Class,CUST-1800,Customer 800,Corporate,United States,Seattle,Washington,93160,Central,PROD-2800,Furniture,Bookcases,Bookcases Product 800,3543.73,2,0.3,-486.75
801,CA-2024-10801,2024-04-05,2024-04-07,First Class,CUST-1801,Customer 801,Consumer,United States,Dallas,Texas,28844,East,PROD-2801,Furniture,Bookcases,Bookcases Product 801,4205.47,7,0.2,755.42
802,CA-2024-10802,2024-11-22,2024-11-27,Second Class,CUST-1802,Customer 802,Consumer,United States,Los Angeles,California,20142,South,PROD-2802,Office Supplies,Storage,Storage Product 802,630.97,3,0.2,-11.99
803,CA-2024-10803,2024-07-04,2024-07-11,Standard Class,CUST-1803,Customer 803,Consumer,United States,Dallas,Texas,65038,South,PROD-2803,Furniture,Tables,Tables Product 803,3981.3,7,0.0,371.29
804,CA-2024-10804,2024-06-09,2024-06-15,First Class,CUST-1804,Customer 804,Corporate,United States,Miami,Florida,73427,East,PROD-2804,Furniture,Tables,Tables Product 804,70.5,3,0.0,-6.44
805,CA-2024-10805,2024-03-22,2024-03-27,First Class,CUST-1805,Customer 805,Consumer,United States,New York City,New York,38437,East,PROD-2805,Furniture,Bookcases,Bookcases Product 805,167.19,1,0.1,-7.0
806,CA-2024-10806,2024-06-16,2024-06-18,Standard Class,CUST-1806,Customer 806,Corporate,United States,Houston,Texas,82285,Central,PROD-2806,Technology,Copiers,Copiers Product 806,4700.44,5,0.2,426.74
807,CA-2024-10807,2024-08-27,2024-09-02,First Class,CUST-1807,Customer 807,Corporate,United States,Orlando,Florida,23486,Central,PROD-2807,Technology,Accessories,Accessories Product 807,4613.29,5,0.1,-235.56
808,CA-2024-10808,2024-03-25,2024-04-01,Same Day,CUST-1808,Customer 808,Corporate,United States,Dallas,Texas,36177,Central,PROD-2808,Office Supplies,Paper,Paper Product 808,2130.21,5,0.2,343.93
809,CA-2024-10809,2024-07-10,2024-07-16,First Class,CUST-1809,Customer 809,Corporate,United States,San Diego,California,13924,East,PROD-2809,Furniture,Chairs,Chairs Product 809,4791.33,5,0.3,-15.64
810,CA-2024-10810,2024-04-02,2024-04-09,First Class,CUST-1810,Customer 810,Consumer,United States,Buffalo,New York,11262,Central,PROD-2810,Furniture,Tables,Tables Product 810,1241.68,4,0.2,44.68
811,CA-2024-10811,2024-12-18,2024-12-19,Second Class,CUST-1811,Customer 811,Home Office,United States,New York City,New York,38503,East,PROD-2811,Office Supplies,Storage,Storage Product 811,3980.29,4,0.0,170.34
812,CA-2024-10812,2024-10-14,2024-10-17,Second Class,CUST-1812,Customer 812,Consumer,United States,Seattle,Washington,16509,South,PROD-2812,Technology,Copiers,Copiers Product 812,2120.32,7,0.2,544.28
813,CA-2024-10813,2024-09-12,2024-09-13,Second Class,CUST-1813,Customer 813,Home Office,United States,Buffalo,New York,12787,Central,PROD-2813,Furniture,Chairs,Chairs Product 813,2274.87,10,0.2,331.19
814,CA-2024-10814,2024-01-10,2024-01-16,Standard Class,CUST-1814,Customer 814,Corporate,United States,Seattle,Washington,94512,East,PROD-2814,Office Supplies,Paper,Paper Product 814,672.67,7,0.0,200.4
815,CA-2024-10815,2024-02-05,2024-02-09,First Class,CUST-1815,Customer 815,Corporate,United States,San Diego,California,90258,East,PROD-2815,Technology,Accessories,Accessories Product 815,1387.87,6,0.3,-152.83
816,CA-2024-10816,2024-07-20,2024-07-23,Standard Class,CUST-1816,Customer 816,Consumer,United States,Orlando,Florida,28184,East,PROD-2816,Technology,Phones,Phones Product 816,4218.52,10,0.0,-571.0
817,CA-2024-10817,2024-06-14,2024-06-21,Standard Class,CUST-1817,Customer 817,Corporate,United States,Miami,Florida,15646,East,PROD-2817,Furniture,Chairs,Chairs Product 817,971.98,6,0.0,308.17
818,CA-2024-10818,2024-01-25,2024-01-28,Second Class,CUST-1818,Customer 818,Home Office,United States,San Diego,California,70384,East,PROD-2818,Office Supplies,Storage,Storage Product 818,3071.5,7,0.2,612.25
819,CA-2024-10819,2024-03-05,2024-03-08,Same Day,CUST-1819,Customer 819,Corporate,United States,Dallas,Texas,52193,South,PROD-2819,Technology,Accessories,Accessories Product 819,3347.81,9,0.1,465.15
820,CA-2024-10820,2024-04-25,2024-04-26,Standard Class,CUST-1820,Customer 820,Corporate,United States,Buffalo,New York,17899,West,PROD-2820,Technology,Phones,Phones Product 820,1777.99,4,0.1,351.12
821,CA-2024-10821,2024-01-07,2024-01-13,First Class,CUST-1821,Customer 821,Corporate,United States,Dallas,Texas,69509,West,PROD-2821,Office Supplies,Binders,Binders Product 821,2448.47,6,0.1,629.25
822,CA-2024-10822,2024-09-15,2024-09-16,Second Class,CUST-1822,Customer 822,Consumer,United States,Houston,Texas,46416,South,PROD-2822,Office Supplies,Paper,Paper Product 822,4875.82,10,0.1,1170.25
823,CA-2024-10823,2024-03-25,2024-03-31,Same Day,CUST-1823,Customer 823,Consumer,United States,New York City,New York,44964,East,PROD-2823,Furniture,Tables,Tables Product 823,4383.46,2,0.1,-621.16
824,CA-2024-10824,2024-08-31,2024-09-06,Second Class,CUST-1824,Customer 824,Consumer,United States,Tacoma,Washington,62026,South,PROD-2824,Office Supplies,Paper,Paper Product 824,609.26,9,0.0,16.58
825,CA-2024-10825,2024-09-17,2024-09-20,Second Class,CUST-1825,Customer 825,Corporate,United States,San Diego,California,33153,Central,PROD-2825,Office Supplies,Paper,Paper Product 825,507.11,7,0.3,-26.89
826,CA-2024-10826,2024-09-28,2024-10-03,Standard Class,CUST-1826,Customer 826,Consumer,United States,Orlando,Florida,85396,Central,PROD-2826,Furniture,Bookcases,Bookcases Product 826,268.36,4,0.0,-10.79
827,CA-2024-10827,2024-05-02,2024-05-03,Second Class,CUST-1827,Customer 827,Home Office,United States,Seattle,Washington,45162,South,PROD-2827,Office Supplies,Binders,Binders Product 827,4415.35,7,0.3,205.06
828,CA-2024-10828,2024-04-15,2024-04-17,Same Day,CUST-1828,Customer 828,Home Office,United States,Dallas,Texas,50019,West,PROD-2828,Technology,Accessories,Accessories Product 828,3535.15,5,0.0,-363.69
829,CA-2024-10829,2024-03-28,2024-03-31,Same Day,CUST-1829,Customer 829,Corporate,United States,Los Angeles,California,12729,West,PROD-2829,Furniture,Tables,Tables Product 829,4501.35,3,0.0,823.82
830,CA-2024-10830,2024-05-15,2024-05-16,Second Class,CUST-1830,Customer 830,Corporate,United States,Houston,Texas,24337,East,PROD-2830,Technology,Accessories,Accessories Product 830,4848.32,10,0.0,456.49
831,CA-2024-10831,2024-01-09,2024-01-14,First Class,CUST-1831,Customer 831,Corporate,United States,New York City,New York,74312,Central,PROD-2831,Technology,Copiers,Copiers Product 831,853.18,3,0.0,-85.32
832,CA-2024-10832,2024-10-06,2024-10-09,Same Day,CUST-1832,Customer 832,Consumer,United States,Orlando,Florida,45381,East,PROD-2832,Office Supplies,Paper,Paper Product 832,87.53,6,0.2,17.95
833,CA-2024-10833,2024-03-16,2024-03-20,Standard Class,CUST-1833,Customer 833,Consumer,United States,Houston,Texas,59516,East,PROD-2833,Office Supplies,Paper,Paper Product 833,173.91,10,0.3,5.17
834,CA-2024-10834,2024-05-20,2024-05-26,Same Day,CUST-1834,Customer 834,Corporate,United States,Tacoma,Washington,50543,West,PROD-2834,Technology,Phones,Phones Product 834,1341.24,6,0.2,61.04
835,CA-2024-10835,2024-01-22,2024-01-27,Standard Class,CUST-1835,Customer 835,Corporate,United States,Tacoma,Washington,99853,West,PROD-2835,Technology,Phones,Phones Product 835,2178.63,8,0.2,-12.63
836,CA-2024-10836,2024-08-26,2024-09-01,First Class,CUST-1836,Customer 836,Consumer,United States,Dallas,Texas,69488,East,PROD-2836,Technology,Copiers,Copiers Product 836,3328.32,5,0.3,-19.54
837,CA-2024-10837,2024-04-21,2024-04-24,Standard Class,CUST-1837,Customer 837,Consumer,United States,Seattle,Washington,42955,West,PROD-2837,Furniture,Tables,Tables Product 837,1542.99,7,0.2,277.93
838,CA-2024-10838,2024-06-28,2024-07-01,Standard Class,CUST-1838,Customer 838,Corporate,United States,Seattle,Washington,38686,East,PROD-2838,Furniture,Bookcases,Bookcases Product 838,1367.93,4,0.3,195.08
839,CA-2024-10839,2024-08-30,2024-09-02,First Class,CUST-1839,Customer 839,Consumer,United States,Dallas,Texas,83912,South,PROD-2839,Office Supplies,Paper,Paper Product 839,4835.2,2,0.2,1499.38
840,CA-2024-10840,2024-12-13,2024-12-16,Standard Class,CUST-1840,Customer 840,Corporate,United States,Seattle,Washington,84273,South,PROD-2840,Technology,Phones,Phones Product 840,1265.1,7,0.1,0.67
841,CA-2024-10841,2024-10-06,2024-10-08,Same Day,CUST-1841,Customer 841,Corporate,United States,Orlando,Florida,65116,South,PROD-2841,Furniture,Chairs,Chairs Product 841,2642.33,6,0.2,222.46
842,CA-2024-10842,2024-08-24,2024-08-25,First Class,CUST-1842,Customer 842,Consumer,United States,Seattle,Washington,91381,Central,PROD-2842,Office Supplies,Binders,Binders Product 842,3784.17,10,0.2,920.75
843,CA-2024-10843,2024-01-28,2024-02-04,Standard Class,CUST-1843,Customer 843,Consumer,United States,Miami,Florida,45412,East,PROD-2843,Office Supplies,Storage,Storage Product 843,49.65,9,0.3,13.39
844,CA-2024-10844,2024-06-19,2024-06-24,Standard Class,CUST-1844,Customer 844,Home Office,United States,San Diego,California,36878,West,PROD-2844,Technology,Accessories,Accessories Product 844,3459.15,1,0.0,761.83
845,CA-2024-10845,2024-10-14,2024-10-20,Standard Class,CUST-1845,Customer 845,Corporate,United States,Miami,Florida,91744,West,PROD-2845,Furniture,Bookcases,Bookcases Product 845,3205.55,3,0.2,526.09
846,CA-2024-10846,2024-02-28,2024-02-29,Standard Class,CUST-1846,Customer 846,Home Office,United States,Los Angeles,California,68171,South,PROD-2846,Technology,Phones,Phones Product 846,2608.72,4,0.1,-256.17
847,CA-2024-10847,2024-01-29,2024-01-30,Same Day,CUST-1847,Customer 847,Home Office,United States,Buffalo,New York,90892,East,PROD-2847,Office Supplies,Binders,Binders Product 847,4104.95,9,0.2,1070.75
848,CA-2024-10848,2024-08-09,2024-08-11,First Class,CUST-1848,Customer 848,Corporate,United States,Los Angeles,California,97495,East,PROD-2848,Furniture,Bookcases,Bookcases Product 848,3294.18,3,0.1,290.15
849,CA-2024-10849,2024-10-28,2024-11-01,Same Day,CUST-1849,Customer 849,Consumer,United States,Buffalo,New York,13666,Central,PROD-2849,Office Supplies,Paper,Paper Product 849,3494.31,2,0.3,204.24
850,CA-2024-10850,2024-08-22,2024-08-23,First Class,CUST-1850,Customer 850,Consumer,United States,Tacoma,Washington,71329,South,PROD-2850,Furniture,Bookcases,Bookcases Product 850,1527.75,10,0.3,-196.6
851,CA-2024-10851,2024-05-21,2024-05-22,Second Class,CUST-1851,Customer 851,Home Office,United States,Dallas,Texas,29844,Central,PROD-2851,Technology,Copiers,Copiers Product 851,1069.69,9,0.3,113.95
852,CA-2024-10852,2024-12-01,2024-12-07,First Class,CUST-1852,Customer 852,Corporate,United States,Tacoma,Washington,18940,South,PROD-2852,Office Supplies,Storage,Storage Product 852,4296.15,3,0.2,1041.73
853,CA-2024-10853,2024-07-11,2024-07-15,First Class,CUST-1853,Customer 853,Home Office,United States,Seattle,Washington,86116,Central,PROD-2853,Technology,Copiers,Copiers Product 853,4638.51,9,0.2,-395.61
854,CA-2024-10854,2024-10-26,2024-10-31,Standard Class,CUST-1854,Customer 854,Corporate,United States,Miami,Florida,99040,South,PROD-2854,Furniture,Chairs,Chairs Product 854,4263.12,3,0.1,-433.69
855,CA-2024-10855,2024-06-14,2024-06-21,Standard Class,CUST-1855,Customer 855,Home Office,United States,Houston,Texas,42831,East,PROD-2855,Furniture,Chairs,Chairs Product 855,3646.25,7,0.3,1134.67
856,CA-2024-10856,2024-01-20,2024-01-27,Same Day,CUST-1856,Customer 856,Corporate,United States,San Diego,California,27460,West,PROD-2856,Office Supplies,Storage,Storage Product 856,3163.84,1,0.1,33.47
857,CA-2024-10857,2024-04-10,2024-04-13,Second Class,CUST-1857,Customer 857,Consumer,United States,Orlando,Florida,86298,East,PROD-2857,Technology,Accessories,Accessories Product 857,1142.97,3,0.3,293.65
858,CA-2024-10858,2024-11-18,2024-11-24,Standard Class,CUST-1858,Customer 858,Corporate,United States,Los Angeles,California,34288,South,PROD-2858,Furniture,Chairs,Chairs Product 858,4468.59,6,0.3,599.45
859,CA-2024-10859,2024-04-07,2024-04-14,Same Day,CUST-1859,Customer 859,Corporate,United States,Dallas,Texas,91981,South,PROD-2859,Technology,Accessories,Accessories Product 859,1795.3,9,0.1,450.26
860,CA-2024-10860,2024-02-06,2024-02-11,First Class,CUST-1860,Customer 860,Consumer,United States,Los Angeles,California,39362,Central,PROD-2860,Technology,Accessories,Accessories Product 860,522.55,8,0.1,-64.93
861,CA-2024-10861,2024-05-08,2024-05-12,First Class,CUST-1861,Customer 861,Corporate,United States,New York City,New York,91087,East,PROD-2861,Furniture,Tables,Tables Product 861,392.39,10,0.1,108.53
862,CA-2024-10862,2024-10-06,2024-10-12,First Class,CUST-1862,Customer 862,Consumer,United States,San Diego,California,28256,West,PROD-2862,Office Supplies,Storage,Storage Product 862,169.29,6,0.3,-3.31
863,CA-2024-10863,2024-10-07,2024-10-14,Standard Class,CUST-1863,Customer 863,Corporate,United States,New York City,New York,88400,East,PROD-2863,Furniture,Tables,Tables Product 863,383.1,10,0.0,8.78
864,CA-2024-10864,2024-10-09,2024-10-13,Same Day,CUST-1864,Customer 864,Corporate,United States,Dallas,Texas,49769,West,PROD-2864,Technology,Phones,Phones Product 864,538.22,8,0.1,94.28
865,CA-2024-10865,2024-01-11,2024-01-12,Same Day,CUST-1865,Customer 865,Home Office,United States,Los Angeles,California,26415,South,PROD-2865,Technology,Copiers,Copiers Product 865,4304.27,1,0.3,-533.43
866,CA-2024-10866,2024-12-25,2024-12-29,First Class,CUST-1866,Customer 866,Corporate,United States,Seattle,Washington,17592,West,PROD-2866,Furniture,Tables,Tables Product 866,607.6,10,0.2,15.73
867,CA-2024-10867,2024-04-28,2024-04-29,Standard Class,CUST-1867,Customer 867,Home Office,United States,Seattle,Washington,42757,East,PROD-2867,Furniture,Tables,Tables Product 867,3742.43,9,0.0,1292.89
868,CA-2024-10868,2024-02-09,2024-02-10,Second Class,CUST-1868,Customer 868,Home Office,United States,Dallas,Texas,62142,South,PROD-2868,Furniture,Tables,Tables Product 868,237.72,6,0.1,82.97
869,CA-2024-10869,2024-12-02,2024-12-03,First Class,CUST-1869,Customer 869,Corporate,United States,Los Angeles,California,82273,Central,PROD-2869,Office Supplies,Storage,Storage Product 869,1045.19,6,0.1,75.01
870,CA-2024-10870,2024-11-30,2024-12-02,Same Day,CUST-1870,Customer 870,Home Office,United States,Tacoma,Washington,91509,South,PROD-2870,Office Supplies,Storage,Storage Product 870,2716.27,2,0.0,63.34
871,CA-2024-10871,2024-05-23,2024-05-24,Second Class,CUST-1871,Customer 871,Consumer,United States,Houston,Texas,40815,South,PROD-2871,Technology,Phones,Phones Product 871,1538.6,9,0.1,-136.36
872,CA-2024-10872,2024-11-28,2024-12-05,First Class,CUST-1872,Customer 872,Consumer,United States,Miami,Florida,17827,Central,PROD-2872,Furniture,Tables,Tables Product 872,4184.9,5,0.2,603.13
873,CA-2024-10873,2024-11-08,2024-11-12,Same Day,CUST-1873,Customer 873,Home Office,United States,Miami,Florida,16849,Central,PROD-2873,Office Supplies,Paper,Paper Product 873,2231.22,4,0.1,88.5
874,CA-2024-10874,2024-01-17,2024-01-22,First Class,CUST-1874,Customer 874,Home Office,United States,New York City,New York,91465,South,PROD-2874,Technology,Accessories,Accessories Product 874,4615.04,5,0.1,1055.12
875,CA-2024-10875,2024-08-06,2024-08-13,First Class,CUST-1875,Customer 875,Consumer,United States,Los Angeles,California,59976,South,PROD-2875,Technology,Accessories,Accessories Product 875,4763.32,5,0.3,294.93
876,CA-2024-10876,2024-05-01,2024-05-03,Same Day,CUST-1876,Customer 876,Consumer,United States,San Diego,California,90681,Central,PROD-2876,Technology,Accessories,Accessories Product 876,445.97,4,0.2,8.37
877,CA-2024-10877,2024-07-04,2024-07-07,Same Day,CUST-1877,Customer 877,Corporate,United States,New York City,New York,12263,South,PROD-2877,Furniture,Tables,Tables Product 877,2850.84,6,0.2,780.55
878,CA-2024-10878,2024-01-05,2024-01-09,Standard Class,CUST-1878,Customer 878,Corporate,United States,San Diego,California,89996,Central,PROD-2878,Office Supplies,Storage,Storage Product 878,4224.74,4,0.3,-509.96
879,CA-2024-10879,2024-02-02,2024-02-06,Second Class,CUST-1879,Customer 879,Home Office,United States,Dallas,Texas,95980,East,PROD-2879,Office Supplies,Paper,Paper Product 879,4347.9,3,0.1,718.14
880,CA-2024-10880,2024-04-29,2024-04-30,Second Class,CUST-1880,Customer 880,Consumer,United States,Los Angeles,California,43954,Central,PROD-2880,Technology,Copiers,Copiers Product 880,4305.64,10,0.2,-555.52
881,CA-2024-10881,2024-01-09,2024-01-15,Standard Class,CUST-1881,Customer 881,Consumer,United States,New York City,New York,36744,Central,PROD-2881,Technology,Phones,Phones Product 881,1761.65,2,0.3,-164.55
882,CA-2024-10882,2024-10-19,2024-10-22,First Class,CUST-1882,Customer 882,Corporate,United States,Miami,Florida,63495,Central,PROD-2882,Technology,Accessories,Accessories Product 882,4381.75,3,0.0,58.15
883,CA-2024-10883,2024-08-28,2024-08-31,Second Class,CUST-1883,Customer 883,Corporate,United States,Seattle,Washington,76951,Central,PROD-2883,Furniture,Tables,Tables Product 883,242.16,3,0.0,-23.46
884,CA-2024-10884,2024-04-20,2024-04-24,Second Class,CUST-1884,Customer 884,Home Office,United States,Seattle,Washington,75994,South,PROD-2884,Technology,Copiers,Copiers Product 884,767.37,2,0.0,252.7
885,CA-2024-10885,2024-10-02,2024-10-08,Second Class,CUST-1885,Customer 885,Home Office,United States,Los Angeles,California,48412,West,PROD-2885,Technology,Accessories,Accessories Product 885,3302.8,9,0.3,27.97
886,CA-2024-10886,2024-06-17,2024-06-19,Same Day,CUST-1886,Customer 886,Corporate,United States,New York City,New York,20445,Central,PROD-2886,Office Supplies,Paper,Paper Product 886,3745.98,2,0.1,271.6
887,CA-2024-10887,2024-10-13,2024-10-18,Second Class,CUST-1887,Customer 887,Home Office,United States,San Diego,California,42105,South,PROD-2887,Technology,Accessories,Accessories Product 887,3033.99,8,0.3,-106.55
888,CA-2024-10888,2024-12-11,2024-12-16,Second Class,CUST-1888,Customer 888,Home Office,United States,Dallas,Texas,74775,West,PROD-2888,Office Supplies,Paper,Paper Product 888,1582.94,2,0.3,95.79
889,CA-2024-10889,2024-04-02,2024-04-06,Second Class,CUST-1889,Customer 889,Consumer,United States,Los Angeles,California,66547,East,PROD-2889,Furniture,Tables,Tables Product 889,1331.61,9,0.3,294.85
890,CA-2024-10890,2024-12-19,2024-12-21,Second Class,CUST-1890,Customer 890,Home Office,United States,Los Angeles,California,48455,East,PROD-2890,Technology,Copiers,Copiers Product 890,4594.74,7,0.2,-396.4
891,CA-2024-10891,2024-06-21,2024-06-28,Same Day,CUST-1891,Customer 891,Home Office,United States,New York City,New York,67106,Central,PROD-2891,Technology,Phones,Phones Product 891,387.29,6,0.3,118.25
892,CA-2024-10892,2024-09-01,2024-09-07,Standard Class,CUST-1892,Customer 892,Home Office,United States,Houston,Texas,87732,Central,PROD-2892,Technology,Copiers,Copiers Product 892,4583.38,9,0.0,-338.58
893,CA-2024-10893,2024-12-11,2024-12-17,Standard Class,CUST-1893,Customer 893,Consumer,United States,Orlando,Florida,48974,South,PROD-2893,Office Supplies,Paper,Paper Product 893,900.08,10,0.2,290.17
894,CA-2024-10894,2024-06-23,2024-06-24,Second Class,CUST-1894,Customer 894,Corporate,United States,Tacoma,Washington,78044,Central,PROD-2894,Office Supplies,Paper,Paper Product 894,1932.66,3,0.1,-249.38
895,CA-2024-10895,2024-10-21,2024-10-26,Second Class,CUST-1895,Customer 895,Consumer,United States,New York City,New York,47811,Central,PROD-2895,Office Supplies,Paper,Paper Product 895,844.65,5,0.2,78.82
896,CA-2024-10896,2024-11-06,2024-11-13,Standard Class,CUST-1896,Customer 896,Home Office,United States,Los Angeles,California,80505,West,PROD-2896,Technology,Accessories,Accessories Product 896,722.2,4,0.1,-98.45
897,CA-2024-10897,2024-01-04,2024-01-08,Second Class,CUST-1897,Customer 897,Corporate,United States,San Diego,California,48658,East,PROD-2897,Furniture,Tables,Tables Product 897,4710.19,10,0.3,1017.61
898,CA-2024-10898,2024-12-27,2025-01-03,Standard Class,CUST-1898,Customer 898,Corporate,United States,San Diego,California,20363,West,PROD-2898,Office Supplies,Paper,Paper Product 898,1330.02,3,0.2,287.04
899,CA-2024-10899,2024-02-08,2024-02-11,First Class,CUST-1899,Customer 899,Consumer,United States,Dallas,Texas,66803,East,PROD-2899,Office Supplies,Paper,Paper Product 899,3160.51,9,0.0,642.86
900,CA-2024-10900,2024-12-27,2025-01-03,Same Day,CUST-1900,Customer 900,Consumer,United States,Tacoma,Washington,98257,West,PROD-2900,Furniture,Bookcases,Bookcases Product 900,3312.43,1,0.0,-89.58
901,CA-2024-10901,2024-05-15,2024-05-19,Standard Class,CUST-1901,Customer 901,Home Office,United States,Dallas,Texas,38074,East,PROD-2901,Furniture,Bookcases,Bookcases Product 901,2493.7,3,0.1,417.41
902,CA-2024-10902,2024-08-10,2024-08-11,Second Class,CUST-1902,Customer 902,Home Office,United States,Miami,Florida,55705,South,PROD-2902,Technology,Phones,Phones Product 902,213.29,5,0.3,35.3
903,CA-2024-10903,2024-09-28,2024-10-04,Same Day,CUST-1903,Customer 903,Corporate,United States,Dallas,Texas,22652,West,PROD-2903,Furniture,Tables,Tables Product 903,3346.52,8,0.3,498.37
904,CA-2024-10904,2024-02-27,2024-03-05,First Class,CUST-1904,Customer 904,Home Office,United States,Buffalo,New York,24881,Central,PROD-2904,Office Supplies,Paper,Paper Product 904,1252.03,7,0.0,-77.5
905,CA-2024-10905,2024-12-22,2024-12-26,Second Class,CUST-1905,Customer 905,Corporate,United States,Dallas,Texas,17969,Central,PROD-2905,Office Supplies,Storage,Storage Product 905,2071.77,4,0.0,-9.4
906,CA-2024-10906,2024-05-13,2024-05-19,Second Class,CUST-1906,Customer 906,Corporate,United States,Buffalo,New York,93396,East,PROD-2906,Office Supplies,Paper,Paper Product 906,2137.49,5,0.0,-33.86
907,CA-2024-10907,2024-06-06,2024-06-10,Standard Class,CUST-1907,Customer 907,Home Office,United States,Miami,Florida,12767,South,PROD-2907,Technology,Phones,Phones Product 907,2689.35,2,0.2,-229.65
908,CA-2024-10908,2024-02-16,2024-02-23,Second Class,CUST-1908,Customer 908,Consumer,United States,Buffalo,New York,80215,South,PROD-2908,Technology,Phones,Phones Product 908,3281.56,9,0.1,101.89
909,CA-2024-10909,2024-04-27,2024-04-30,Standard Class,CUST-1909,Customer 909,Home Office,United States,Dallas,Texas,23437,South,PROD-2909,Office Supplies,Paper,Paper Product 909,1093.76,4,0.0,-144.34
910,CA-2024-10910,2024-09-05,2024-09-06,Standard Class,CUST-1910,Customer 910,Corporate,United States,Dallas,Texas,95888,South,PROD-2910,Office Supplies,Binders,Binders Product 910,1165.43,4,0.0,-16.05
911,CA-2024-10911,2024-03-08,2024-03-15,Second Class,CUST-1911,Customer 911,Consumer,United States,New York City,New York,87095,South,PROD-2911,Furniture,Chairs,Chairs Product 911,2532.46,7,0.0,-361.2
912,CA-2024-10912,2024-04-09,2024-04-16,Second Class,CUST-1912,Customer 912,Consumer,United States,Tacoma,Washington,44638,South,PROD-2912,Office Supplies,Paper,Paper Product 912,2571.53,1,0.2,-33.37
913,CA-2024-10913,2024-07-11,2024-07-14,Second Class,CUST-1913,Customer 913,Corporate,United States,Miami,Florida,12256,South,PROD-2913,Furniture,Tables,Tables Product 913,2813.76,8,0.2,854.91
914,CA-2024-10914,2024-07-20,2024-07-23,Same Day,CUST-1914,Customer 914,Corporate,United States,Seattle,Washington,72495,East,PROD-2914,Office Supplies,Binders,Binders Product 914,2897.84,1,0.3,682.74
915,CA-2024-10915,2024-11-25,2024-11-28,Same Day,CUST-1915,Customer 915,Home Office,United States,New York City,New York,42763,East,PROD-2915,Technology,Phones,Phones Product 915,495.04,3,0.1,139.81
916,CA-2024-10916,2024-03-13,2024-03-17,First Class,CUST-1916,Customer 916,Corporate,United States,Tacoma,Washington,50823,Central,PROD-2916,Technology,Copiers,Copiers Product 916,4201.46,4,0.0,981.9
917,CA-2024-10917,2024-03-18,2024-03-19,First Class,CUST-1917,Customer 917,Home Office,United States,Buffalo,New York,40898,Central,PROD-2917,Furniture,Tables,Tables Product 917,3458.18,9,0.3,424.65
918,CA-2024-10918,2024-08-24,2024-08-30,Second Class,CUST-1918,Customer 918,Home Office,United States,Miami,Florida,25922,West,PROD-2918,Furniture,Tables,Tables Product 918,3502.29,7,0.1,800.07
919,CA-2024-10919,2024-04-11,2024-04-15,Same Day,CUST-1919,Customer 919,Corporate,United States,Los Angeles,California,11213,Central,PROD-2919,Office Supplies,Paper,Paper Product 919,870.2,9,0.3,-69.67
920,CA-2024-10920,2024-03-01,2024-03-05,Second Class,CUST-1920,Customer 920,Home Office,United States,Buffalo,New York,58660,Central,PROD-2920,Technology,Accessories,Accessories Product 920,3083.2,6,0.1,-244.32
921,CA-2024-10921,2024-08-29,2024-09-02,Same Day,CUST-1921,Customer 921,Consumer,United States,Dallas,Texas,51640,South,PROD-2921,Technology,Copiers,Copiers Product 921,4981.01,3,0.1,558.82
922,CA-2024-10922,2024-04-01,2024-04-03,First Class,CUST-1922,Customer 922,Consumer,United States,Miami,Florida,18009,South,PROD-2922,Furniture,Tables,Tables Product 922,3513.29,4,0.0,417.61
923,CA-2024-10923,2024-10-31,2024-11-02,First Class,CUST-1923,Customer 923,Corporate,United States,San Diego,California,65858,Central,PROD-2923,Technology,Copiers,Copiers Product 923,4419.05,6,0.0,1387.32
924,CA-2024-10924,2024-07-07,2024-07-12,Standard Class,CUST-1924,Customer 924,Home Office,United States,Orlando,Florida,38369,Central,PROD-2924,Technology,Copiers,Copiers Product 924,3215.16,4,0.0,470.44
925,CA-2024-10925,2024-04-01,2024-04-04,First Class,CUST-1925,Customer 925,Home Office,United States,Seattle,Washington,90725,South,PROD-2925,Furniture,Bookcases,Bookcases Product 925,2944.84,7,0.2,405.88
926,CA-2024-10926,2024-04-17,2024-04-19,Same Day,CUST-1926,Customer 926,Consumer,United States,Los Angeles,California,52380,East,PROD-2926,Furniture,Chairs,Chairs Product 926,4649.14,10,0.1,-364.18
927,CA-2024-10927,2024-01-27,2024-01-29,Same Day,CUST-1927,Customer 927,Corporate,United States,Tacoma,Washington,60532,South,PROD-2927,Office Supplies,Storage,Storage Product 927,2369.01,5,0.0,-70.15
928,CA-2024-10928,2024-06-30,2024-07-03,First Class,CUST-1928,Customer 928,Home Office,United States,Tacoma,Washington,28728,South,PROD-2928,Technology,Phones,Phones Product 928,4418.76,4,0.1,1426.13
929,CA-2024-10929,2024-10-13,2024-10-17,First Class,CUST-1929,Customer 929,Corporate,United States,Orlando,Florida,97823,Central,PROD-2929,Technology,Phones,Phones Product 929,2798.37,7,0.2,-170.68
930,CA-2024-10930,2024-08-05,2024-08-07,Second Class,CUST-1930,Customer 930,Consumer,United States,Seattle,Washington,86832,Central,PROD-2930,Office Supplies,Paper,Paper Product 930,911.45,1,0.1,64.75
931,CA-2024-10931,2024-06-17,2024-06-18,Same Day,CUST-1931,Customer 931,Consumer,United States,Buffalo,New York,43166,Central,PROD-2931,Technology,Phones,Phones Product 931,3041.74,1,0.2,519.64
932,CA-2024-10932,2024-11-16,2024-11-17,Standard Class,CUST-1932,Customer 932,Consumer,United States,Seattle,Washington,58435,East,PROD-2932,Technology,Accessories,Accessories Product 932,4986.21,8,0.3,-314.7
933,CA-2024-10933,2024-11-09,2024-11-15,Standard Class,CUST-1933,Customer 933,Corporate,United States,Houston,Texas,22776,Central,PROD-2933,Furniture,Chairs,Chairs Product 933,2109.47,2,0.0,151.23
934,CA-2024-10934,2024-04-09,2024-04-15,First Class,CUST-1934,Customer 934,Home Office,United States,Seattle,Washington,11857,South,PROD-2934,Office Supplies,Storage,Storage Product 934,4244.19,6,0.1,1285.41
935,CA-2024-10935,2024-08-01,2024-08-08,Standard Class,CUST-1935,Customer 935,Corporate,United States,Los Angeles,California,89761,West,PROD-2935,Furniture,Bookcases,Bookcases Product 935,754.62,5,0.0,-48.07
936,CA-2024-10936,2024-12-18,2024-12-23,First Class,CUST-1936,Customer 936,Consumer,United States,Miami,Florida,54754,South,PROD-2936,Technology,Copiers,Copiers Product 936,4213.78,1,0.2,-55.28
937,CA-2024-10937,2024-10-17,2024-10-24,Standard Class,CUST-1937,Customer 937,Consumer,United States,San Diego,California,11368,West,PROD-2937,Furniture,Chairs,Chairs Product 937,4591.7,3,0.0,-262.51
938,CA-2024-10938,2024-11-22,2024-11-25,Same Day,CUST-1938,Customer 938,Home Office,United States,Miami,Florida,47627,West,PROD-2938,Technology,Phones,Phones Product 938,1552.76,4,0.1,8.14
939,CA-2024-10939,2024-05-22,2024-05-24,First Class,CUST-1939,Customer 939,Corporate,United States,Tacoma,Washington,67619,Central,PROD-2939,Office Supplies,Binders,Binders Product 939,4179.67,5,0.1,-256.82
940,CA-2024-10940,2024-02-17,2024-02-21,Same Day,CUST-1940,Customer 940,Consumer,United States,Buffalo,New York,80510,West,PROD-2940,Office Supplies,Storage,Storage Product 940,2624.75,3,0.0,852.6
941,CA-2024-10941,2024-12-25,2024-12-29,Second Class,CUST-1941,Customer 941,Corporate,United States,Buffalo,New York,38607,South,PROD-2941,Furniture,Tables,Tables Product 941,3504.28,9,0.2,-366.62
942,CA-2024-10942,2024-05-13,2024-05-14,Standard Class,CUST-1942,Customer 942,Corporate,United States,Los Angeles,California,23711,Central,PROD-2942,Office Supplies,Binders,Binders Product 942,2346.89,6,0.2,309.52
943,CA-2024-10943,2024-01-05,2024-01-07,First Class,CUST-1943,Customer 943,Consumer,United States,Orlando,Florida,71189,West,PROD-2943,Office Supplies,Paper,Paper Product 943,3246.45,2,0.1,995.28
944,CA-2024-10944,2024-01-12,2024-01-16,First Class,CUST-1944,Customer 944,Home Office,United States,Tacoma,Washington,58918,Central,PROD-2944,Technology,Copiers,Copiers Product 944,3478.6,7,0.3,928.95
945,CA-2024-10945,2024-09-04,2024-09-10,First Class,CUST-1945,Customer 945,Home Office,United States,Orlando,Florida,62527,East,PROD-2945,Furniture,Chairs,Chairs Product 945,3820.6,9,0.0,231.12
946,CA-2024-10946,2024-03-24,2024-03-29,First Class,CUST-1946,Customer 946,Consumer,United States,Dallas,Texas,21848,Central,PROD-2946,Technology,Copiers,Copiers Product 946,4715.37,4,0.1,-401.06
947,CA-2024-10947,2024-03-13,2024-03-20,First Class,CUST-1947,Customer 947,Corporate,United States,Buffalo,New York,20534,West,PROD-2947,Office Supplies,Binders,Binders Product 947,2313.73,3,0.1,674.4
948,CA-2024-10948,2024-04-30,2024-05-07,Second Class,CUST-1948,Customer 948,Corporate,United States,Dallas,Texas,23095,South,PROD-2948,Furniture,Bookcases,Bookcases Product 948,1238.77,9,0.2,-182.75
949,CA-2024-10949,2024-10-08,2024-10-14,Standard Class,CUST-1949,Customer 949,Corporate,United States,Miami,Florida,26843,Central,PROD-2949,Office Supplies,Storage,Storage Product 949,1893.93,8,0.1,438.5
950,CA-2024-10950,2024-03-09,2024-03-13,First Class,CUST-1950,Customer 950,Corporate,United States,Buffalo,New York,97802,East,PROD-2950,Technology,Copiers,Copiers Product 950,4365.97,10,0.3,511.07
951,CA-2024-10951,2024-04-23,2024-04-28,Second Class,CUST-1951,Customer 951,Consumer,United States,Houston,Texas,75529,West,PROD-2951,Office Supplies,Paper,Paper Product 951,1712.46,1,0.3,526.23
952,CA-2024-10952,2024-01-23,2024-01-25,First Class,CUST-1952,Customer 952,Corporate,United States,Buffalo,New York,98509,South,PROD-2952,Furniture,Tables,Tables Product 952,1932.65,3,0.3,-144.23
953,CA-2024-10953,2024-01-18,2024-01-21,First Class,CUST-1953,Customer 953,Home Office,United States,Miami,Florida,23291,South,PROD-2953,Furniture,Tables,Tables Product 953,3418.05,2,0.3,865.16
954,CA-2024-10954,2024-01-07,2024-01-09,Same Day,CUST-1954,Customer 954,Corporate,United States,New York City,New York,17144,Central,PROD-2954,Technology,Copiers,Copiers Product 954,1932.27,8,0.0,179.84
955,CA-2024-10955,2024-08-05,2024-08-08,Second Class,CUST-1955,Customer 955,Corporate,United States,San Diego,California,79692,South,PROD-2955,Technology,Accessories,Accessories Product 955,3909.4,6,0.2,-368.12
956,CA-2024-10956,2024-12-11,2024-12-12,Same Day,CUST-1956,Customer 956,Corporate,United States,Houston,Texas,15222,East,PROD-2956,Office Supplies,Storage,Storage Product 956,2958.96,4,0.3,199.56
957,CA-2024-10957,2024-09-07,2024-09-11,Standard Class,CUST-1957,Customer 957,Home Office,United States,New York City,New York,45027,West,PROD-2957,Technology,Copiers,Copiers Product 957,1859.1,7,0.2,348.58
958,CA-2024-10958,2024-05-30,2024-06-02,Standard Class,CUST-1958,Customer 958,Home Office,United States,Miami,Florida,61932,West,PROD-2958,Office Supplies,Paper,Paper Product 958,1502.46,1,0.0,43.0
959,CA-2024-10959,2024-03-30,2024-03-31,First Class,CUST-1959,Customer 959,Corporate,United States,Seattle,Washington,90903,West,PROD-2959,Furniture,Bookcases,Bookcases Product 959,740.33,8,0.3,219.4
960,CA-2024-10960,2024-09-25,2024-09-30,Standard Class,CUST-1960,Customer 960,Corporate,United States,Miami,Florida,93458,Central,PROD-2960,Furniture,Tables,Tables Product 960,1876.52,3,0.0,76.86
961,CA-2024-10961,2024-08-04,2024-08-08,Second Class,CUST-1961,Customer 961,Home Office,United States,Los Angeles,California,44206,Central,PROD-2961,Technology,Accessories,Accessories Product 961,3613.54,2,0.3,1201.79
962,CA-2024-10962,2024-11-11,2024-11-16,Same Day,CUST-1962,Customer 962,Corporate,United States,Seattle,Washington,34341,Central,PROD-2962,Technology,Phones,Phones Product 962,1883.7,8,0.1,433.93
963,CA-2024-10963,2024-09-13,2024-09-19,Same Day,CUST-1963,Customer 963,Home Office,United States,San Diego,California,27008,Central,PROD-2963,Furniture,Bookcases,Bookcases Product 963,1438.86,1,0.3,-66.81
964,CA-2024-10964,2024-05-16,2024-05-20,First Class,CUST-1964,Customer 964,Home Office,United States,Tacoma,Washington,89864,South,PROD-2964,Furniture,Chairs,Chairs Product 964,1139.63,6,0.1,-134.63
965,CA-2024-10965,2024-10-28,2024-11-01,First Class,CUST-1965,Customer 965,Corporate,United States,Tacoma,Washington,68246,West,PROD-2965,Technology,Accessories,Accessories Product 965,2388.5,9,0.0,51.29
966,CA-2024-10966,2024-08-24,2024-08-31,Standard Class,CUST-1966,Customer 966,Home Office,United States,Miami,Florida,73771,Central,PROD-2966,Technology,Copiers,Copiers Product 966,866.67,7,0.2,44.61
967,CA-2024-10967,2024-02-12,2024-02-14,Second Class,CUST-1967,Customer 967,Home Office,United States,Tacoma,Washington,56088,South,PROD-2967,Office Supplies,Paper,Paper Product 967,3759.27,8,0.3,-508.32
968,CA-2024-10968,2024-07-31,2024-08-07,Second Class,CUST-1968,Customer 968,Corporate,United States,San Diego,California,89576,East,PROD-2968,Technology,Copiers,Copiers Product 968,2463.97,4,0.3,765.28
969,CA-2024-10969,2024-02-19,2024-02-23,First Class,CUST-1969,Customer 969,Consumer,United States,Houston,Texas,64811,Central,PROD-2969,Furniture,Bookcases,Bookcases Product 969,1460.96,3,0.3,182.67
970,CA-2024-10970,2024-06-12,2024-06-19,Same Day,CUST-1970,Customer 970,Corporate,United States,New York City,New York,70806,Central,PROD-2970,Technology,Copiers,Copiers Product 970,4801.99,6,0.3,-179.84
971,CA-2024-10971,2024-08-18,2024-08-20,Standard Class,CUST-1971,Customer 971,Corporate,United States,Dallas,Texas,86042,South,PROD-2971,Office Supplies,Binders,Binders Product 971,2672.68,6,0.3,475.99
972,CA-2024-10972,2024-08-02,2024-08-06,Same Day,CUST-1972,Customer 972,Consumer,United States,Houston,Texas,52601,West,PROD-2972,Technology,Phones,Phones Product 972,710.09,10,0.0,106.36
973,CA-2024-10973,2024-03-26,2024-03-31,Second Class,CUST-1973,Customer 973,Corporate,United States,Miami,Florida,58373,West,PROD-2973,Office Supplies,Binders,Binders Product 973,3719.97,7,0.1,1023.57
974,CA-2024-10974,2024-03-30,2024-04-03,Same Day,CUST-1974,Customer 974,Consumer,United States,Dallas,Texas,99610,South,PROD-2974,Furniture,Tables,Tables Product 974,342.77,1,0.1,47.58
975,CA-2024-10975,2024-05-03,2024-05-10,Second Class,CUST-1975,Customer 975,Consumer,United States,Dallas,Texas,70583,East,PROD-2975,Technology,Copiers,Copiers Product 975,573.56,10,0.2,164.06
976,CA-2024-10976,2024-01-04,2024-01-10,Standard Class,CUST-1976,Customer 976,Home Office,United States,San Diego,California,89557,East,PROD-2976,Technology,Accessories,Accessories Product 976,4313.6,2,0.3,1418.26
977,CA-2024-10977,2024-08-12,2024-08-16,Same Day,CUST-1977,Customer 977,Corporate,United States,San Diego,California,26260,East,PROD-2977,Office Supplies,Storage,Storage Product 977,3848.43,6,0.3,801.68
978,CA-2024-10978,2024-03-15,2024-03-22,Same Day,CUST-1978,Customer 978,Consumer,United States,New York City,New York,44669,East,PROD-2978,Technology,Phones,Phones Product 978,1844.99,6,0.1,565.47
979,CA-2024-10979,2024-06-17,2024-06-23,Same Day,CUST-1979,Customer 979,Corporate,United States,San Diego,California,69031,Central,PROD-2979,Technology,Accessories,Accessories Product 979,3767.46,5,0.2,-8.87
980,CA-2024-10980,2024-10-17,2024-10-20,First Class,CUST-1980,Customer 980,Home Office,United States,Seattle,Washington,48170,Central,PROD-2980,Furniture,Chairs,Chairs Product 980,2618.46,1,0.1,759.58
981,CA-2024-10981,2024-03-22,2024-03-27,First Class,CUST-1981,Customer 981,Corporate,United States,Buffalo,New York,43725,West,PROD-2981,Technology,Accessories,Accessories Product 981,3372.93,3,0.1,-258.83
982,CA-2024-10982,2024-01-15,2024-01-22,Second Class,CUST-1982,Customer 982,Corporate,United States,Dallas,Texas,94390,West,PROD-2982,Furniture,Bookcases,Bookcases Product 982,80.09,6,0.3,7.09
983,CA-2024-10983,2024-10-27,2024-11-03,Same Day,CUST-1983,Customer 983,Consumer,United States,Tacoma,Washington,73438,South,PROD-2983,Technology,Accessories,Accessories Product 983,1902.33,8,0.1,542.91
984,CA-2024-10984,2024-01-08,2024-01-14,Standard Class,CUST-1984,Customer 984,Home Office,United States,San Diego,California,35813,Central,PROD-2984,Furniture,Tables,Tables Product 984,1048.02,3,0.2,161.73
985,CA-2024-10985,2024-09-12,2024-09-16,Same Day,CUST-1985,Customer 985,Home Office,United States,Seattle,Washington,22955,Central,PROD-2985,Technology,Copiers,Copiers Product 985,4492.71,4,0.2,818.22
986,CA-2024-10986,2024-09-16,2024-09-17,Second Class,CUST-1986,Customer 986,Home Office,United States,New York City,New York,95302,West,PROD-2986,Furniture,Tables,Tables Product 986,2842.18,4,0.1,-62.43
987,CA-2024-10987,2024-04-26,2024-05-02,Standard Class,CUST-1987,Customer 987,Consumer,United States,Miami,Florida,78492,Central,PROD-2987,Furniture,Bookcases,Bookcases Product 987,1343.5,5,0.0,297.66
988,CA-2024-10988,2024-02-01,2024-02-03,Standard Class,CUST-1988,Customer 988,Consumer,United States,Houston,Texas,72691,East,PROD-2988,Technology,Copiers,Copiers Product 988,2396.87,2,0.0,22.6
989,CA-2024-10989,2024-08-14,2024-08-15,Standard Class,CUST-1989,Customer 989,Home Office,United States,Miami,Florida,66328,East,PROD-2989,Furniture,Bookcases,Bookcases Product 989,2955.09,10,0.3,-0.06
990,CA-2024-10990,2024-08-14,2024-08-21,Second Class,CUST-1990,Customer 990,Corporate,United States,Dallas,Texas,76491,South,PROD-2990,Furniture,Tables,Tables Product 990,3777.71,10,0.2,363.8
991,CA-2024-10991,2024-09-20,2024-09-23,Standard Class,CUST-1991,Customer 991,Consumer,United States,Buffalo,New York,73908,East,PROD-2991,Technology,Phones,Phones Product 991,1718.89,9,0.2,280.11
992,CA-2024-10992,2024-06-12,2024-06-17,Same Day,CUST-1992,Customer 992,Corporate,United States,Orlando,Florida,93608,West,PROD-2992,Furniture,Chairs,Chairs Product 992,346.49,7,0.2,-35.59
993,CA-2024-10993,2024-04-09,2024-04-16,First Class,CUST-1993,Customer 993,Home Office,United States,Los Angeles,California,37563,West,PROD-2993,Furniture,Tables,Tables Product 993,2518.86,6,0.3,-248.21
994,CA-2024-10994,2024-06-14,2024-06-16,Same Day,CUST-1994,Customer 994,Home Office,United States,Dallas,Texas,88017,South,PROD-2994,Furniture,Chairs,Chairs Product 994,3058.41,3,0.2,1004.24
995,CA-2024-10995,2024-05-17,2024-05-19,First Class,CUST-1995,Customer 995,Corporate,United States,Buffalo,New York,50372,South,PROD-2995,Office Supplies,Paper,Paper Product 995,742.03,6,0.2,196.35
996,CA-2024-10996,2024-10-15,2024-10-19,First Class,CUST-1996,Customer 996,Consumer,United States,Miami,Florida,36504,West,PROD-2996,Office Supplies,Binders,Binders Product 996,4844.03,6,0.1,1634.83
997,CA-2024-10997,2024-12-04,2024-12-10,Second Class,CUST-1997,Customer 997,Consumer,United States,Buffalo,New York,90944,South,PROD-2997,Office Supplies,Binders,Binders Product 997,1622.79,7,0.2,209.4
998,CA-2024-10998,2024-05-20,2024-05-21,Standard Class,CUST-1998,Customer 998,Home Office,United States,Los Angeles,California,61126,South,PROD-2998,Furniture,Tables,Tables Product 998,3619.79,10,0.3,1180.13
999,CA-2024-10999,2024-05-07,2024-05-10,Same Day,CUST-1999,Customer 999,Corporate,United States,Tacoma,Washington,24553,South,PROD-2999,Furniture,Chairs,Chairs Product 999,299.45,6,0.2,35.62
1000,CA-2024-11000,2024-03-09,2024-03-15,Standard Class,CUST-2000,Customer 1000,Corporate,United States,San Diego,California,42142,Central,PROD-3000,Technology,Accessories,Accessories Product 1000,4125.07,3,0.2,565.32
